date,year,mo,da,pickup_date,temp,dewp,slp,visib,mxpsd,gust,max,min,prcp,sndp,fog,NUM_TRIPS
2012-01-04,2012,01,04,2012-01-04,18.4,1.1,1020.4,10.0,22.0,999.9,27.0,12.9,0.0,999.9,0,473988
2012-01-15,2012,01,15,2012-01-15,22.1,2.3,1025.7,10.0,19.0,21.0,32.0,15.1,0.0,999.9,0,518708
2012-01-19,2012,01,19,2012-01-19,26.6,11.8,1021.2,10.0,12.0,14.0,36.0,19.9,0.0,999.9,0,528313
2012-02-20,2012,02,20,2012-02-20,37.6,17.1,1014.6,10.0,22.0,999.9,46.0,30.9,0.0,999.9,0,420026
2012-02-15,2012,02,15,2012-02-15,42.3,36.4,1020.5,7.7,8.0,17.1,46.0,39.9,0.02,999.9,0,541026
2012-12-13,2012,12,13,2012-12-13,40.3,24.6,1029.8,10.0,11.1,999.9,46.0,32.0,0.0,999.9,0,538635
2012-11-30,2012,11,30,2012-11-30,41.3,25.8,1027.7,9.3,18.1,22.9,46.0,35.6,0.0,999.9,0,541088
2012-02-21,2012,02,21,2012-02-21,38.5,20.7,1024.6,10.0,14.0,22.9,46.0,32.0,0.0,999.9,0,473859
2012-12-14,2012,12,14,2012-12-14,41.4,23.2,1024.4,10.0,18.1,25.1,48.0,28.0,0.0,999.9,0,565711
2012-02-18,2012,02,18,2012-02-18,41.5,20.8,1015.9,10.0,16.9,17.1,48.0,35.1,0.03,999.9,0,538830
2012-12-19,2012,12,19,2012-12-19,44.0,30.5,1007.4,10.0,25.1,34.0,48.0,41.0,0.07,999.9,0,520247
2012-01-17,2012,01,17,2012-01-17,39.8,34.6,1023.6,7.6,19.0,22.9,48.0,35.1,0.08,999.9,0,488425
2012-01-12,2012,01,12,2012-01-12,43.1,39.8,1004.2,5.7,26.0,35.0,50.0,41.0,0.95,999.9,0,514149
2012-02-17,2012,02,17,2012-02-17,45.0,34.7,1015.4,7.0,14.0,22.9,50.0,39.9,0.22,999.9,0,544931
2012-12-17,2012,12,17,2012-12-17,42.0,40.4,1011.3,5.6,20.0,28.0,50.0,39.0,0.44,999.9,0,476358
2012-03-16,2012,03,16,2012-03-16,45.3,42.5,1023.5,4.5,8.9,999.9,50.0,36.0,0.02,999.9,0,563313
2012-12-09,2012,12,09,2012-12-09,46.2,41.7,1020.7,7.2,15.9,21.0,50.0,42.1,0.25,999.9,0,487840
2012-12-27,2012,12,27,2012-12-27,39.1,37.1,996.6,6.0,34.0,53.0,52.0,33.1,0.84,999.9,1,401642
2012-04-01,2012,04,01,2012-04-01,45.7,37.3,1010.2,9.4,8.0,999.9,52.0,32.0,0.01,999.9,0,496473
2012-01-06,2012,01,06,2012-01-06,41.8,25.4,1011.4,9.8,12.0,14.0,52.0,32.0,0.0,999.9,0,511891
2012-10-13,2012,10,13,2012-10-13,45.2,25.9,1030.8,10.0,20.0,27.0,52.0,37.9,0.0,999.9,0,547776
2012-03-26,2012,03,26,2012-03-26,49.7,30.0,1008.8,10.0,22.0,32.1,54.0,39.9,0.06,999.9,0,475909
2012-12-18,2012,12,18,2012-12-18,47.3,44.5,1000.3,5.3,12.0,22.0,54.0,42.1,0.34,999.9,0,501700
2012-11-22,2012,11,22,2012-11-22,47.3,36.2,1023.4,10.0,15.9,999.9,54.0,42.1,0.0,999.9,0,328991
2012-11-10,2012,11,10,2012-11-10,48.0,35.0,1025.0,7.9,14.0,20.0,54.0,41.0,0.0,999.9,0,553368
2012-03-04,2012,03,04,2012-03-04,43.1,19.6,1004.0,10.0,14.0,20.0,54.0,39.0,0.05,999.9,0,485995
2012-11-23,2012,11,23,2012-11-23,48.3,40.8,1016.5,8.9,8.9,999.9,54.0,39.2,0.0,999.9,1,369154
2012-03-25,2012,03,25,2012-03-25,48.6,37.9,1011.6,9.9,12.0,17.1,54.0,43.0,0.07,999.9,0,470596
2012-01-18,2012,01,18,2012-01-18,42.0,25.3,1016.1,10.0,17.1,29.9,54.0,28.9,0.15,999.9,0,518452
2012-03-24,2012,03,24,2012-03-24,59.1,33.0,1017.5,10.0,11.1,21.0,64.0,48.0,0.0,999.9,0,553807
2012-06-05,2012,06,05,2012-06-05,57.2,47.0,1010.9,9.9,18.1,19.0,64.0,51.1,0.18,999.9,0,511597
2012-05-06,2012,05,06,2012-05-06,58.4,50.5,1018.3,8.6,13.0,999.9,64.0,46.9,0.0,999.9,0,484619
2012-10-16,2012,10,16,2012-10-16,55.8,42.5,1007.4,9.9,15.9,25.1,64.0,50.0,0.12,999.9,0,490846
2012-03-29,2012,03,29,2012-03-29,54.8,37.5,1006.0,10.0,19.0,27.0,64.0,46.0,0.02,999.9,0,536892
2012-03-15,2012,03,15,2012-03-15,49.3,36.5,1024.6,9.1,12.0,999.9,64.0,41.0,0.0,999.9,0,551806
2012-05-05,2012,05,05,2012-05-05,59.1,55.5,1013.9,5.7,8.9,999.9,64.0,48.0,0.0,999.9,0,574848
2012-10-23,2012,10,23,2012-10-23,59.0,44.9,1018.7,9.7,14.0,999.9,64.0,53.1,0.0,999.9,0,490505
2012-05-07,2012,05,07,2012-05-07,56.8,43.8,1019.7,10.0,6.0,999.9,64.0,41.0,0.0,999.9,0,487444
2012-04-13,2012,04,13,2012-04-13,53.2,28.7,1020.7,10.0,12.0,999.9,64.0,41.0,0.0,999.9,0,555592
2012-10-21,2012,10,21,2012-10-21,56.5,39.0,1012.9,10.0,18.1,23.9,64.0,48.9,0.0,999.9,0,472616
2012-09-30,2012,09,30,2012-09-30,60.5,52.5,1010.0,9.5,14.0,20.0,68.0,55.9,0.75,999.9,0,471676
2012-09-20,2012,09,20,2012-09-20,61.0,48.3,1021.5,10.0,15.9,22.9,68.0,55.0,0.04,999.9,0,527113
2012-05-01,2012,05,01,2012-05-01,56.9,50.4,1018.5,7.0,21.0,999.9,68.0,46.9,0.58,999.9,0,497454
2012-05-11,2012,05,11,2012-05-11,58.2,34.4,1013.2,10.0,14.0,19.0,68.0,48.9,0.19,999.9,0,550503
2012-06-13,2012,06,13,2012-06-13,66.1,63.8,1013.6,5.9,12.0,22.0,68.0,57.0,1.32,999.9,0,521020
2012-09-29,2012,09,29,2012-09-29,62.4,58.8,1013.0,7.6,14.0,21.0,68.0,57.0,0.37,999.9,1,547796
2012-06-26,2012,06,26,2012-06-26,64.5,49.6,1006.1,10.0,20.0,22.9,72.0,57.9,0.13,999.9,0,485211
2012-09-25,2012,09,25,2012-09-25,62.0,43.4,1021.0,10.0,15.0,15.9,72.0,46.0,0.0,999.9,0,435286
2012-09-15,2012,09,15,2012-09-15,67.2,54.1,1019.1,10.0,14.0,20.0,72.0,60.1,0.01,999.9,0,530859
2012-09-11,2012,09,11,2012-09-11,62.8,41.8,1022.9,10.0,18.1,26.0,72.0,54.0,0.0,999.9,0,491633
2012-09-23,2012,09,23,2012-09-23,63.8,50.3,1015.4,9.0,12.0,15.9,72.0,55.4,0.22,999.9,0,461109
2012-08-23,2012,08,23,2012-08-23,74.7,61.7,1020.4,8.9,8.9,999.9,84.0,62.6,0.0,999.9,0,491305
2012-07-09,2012,07,09,2012-07-09,78.5,56.8,1012.7,10.0,9.9,999.9,84.0,68.0,0.09,999.9,0,431480
2012-08-25,2012,08,25,2012-08-25,75.7,65.2,1023.6,7.3,13.0,18.1,84.0,62.6,0.01,999.9,1,456603
2012-05-26,2012,05,26,2012-05-26,72.2,68.0,1019.7,7.2,12.0,999.9,84.0,57.0,0.0,999.9,1,436846
2012-07-28,2012,07,28,2012-07-28,75.5,69.6,1012.2,7.0,8.0,15.9,84.0,68.0,0.0,999.9,1,482502
2012-07-11,2012,07,11,2012-07-11,77.1,62.0,1019.9,10.0,7.0,999.9,84.0,64.9,0.0,999.9,0,506013
2012-07-03,2012,07,03,2012-07-03,79.8,56.7,1012.8,10.0,12.0,999.9,88.0,63.0,0.0,999.9,0,449319
2012-07-12,2012,07,12,2012-07-12,77.4,60.2,1021.7,10.0,7.0,999.9,88.0,57.0,0.0,999.9,0,515258
2012-08-17,2012,08,17,2012-08-17,77.9,60.7,1010.6,9.5,15.0,17.1,88.0,69.1,0.0,999.9,0,507548
2012-07-02,2012,07,02,2012-07-02,80.3,54.1,1011.6,10.0,15.0,999.9,88.0,66.9,0.0,999.9,0,409243
2012-06-28,2012,06,28,2012-06-28,77.7,53.3,1008.8,10.0,14.0,18.1,88.0,64.9,0.0,999.9,0,517788
2012-08-09,2012,08,09,2012-08-09,78.2,69.6,1013.6,9.3,7.0,15.0,88.0,61.0,0.0,999.9,0,512109
2012-07-18,2012,07,18,2012-07-18,85.3,69.1,1008.9,7.2,13.0,20.0,100.0,73.0,0.0,999.9,1,492858
2012-09-16,2012,09,16,2012-09-16,65.1,46.5,1018.9,10.0,13.0,20.0,73.0,53.6,0.0,999.9,0,452545
2012-09-21,2012,09,21,2012-09-21,64.7,53.7,1018.9,10.0,16.9,22.0,73.0,51.8,0.0,999.9,0,533328
2012-05-14,2012,05,14,2012-05-14,67.7,57.9,1019.9,9.7,12.0,19.0,73.0,55.0,0.0,999.9,0,471847
2012-03-19,2012,03,19,2012-03-19,60.9,50.2,1022.3,8.3,14.0,999.9,73.0,43.0,0.0,999.9,0,436371
2012-05-17,2012,05,17,2012-05-17,65.0,45.3,1016.5,10.0,14.0,999.9,73.0,53.1,0.09,999.9,1,536736
2012-03-20,2012,03,20,2012-03-20,62.9,54.2,1024.7,9.1,7.0,999.9,73.0,55.0,0.0,999.9,1,476880
2012-10-03,2012,10,03,2012-10-03,65.6,64.3,1016.6,1.5,9.9,999.9,73.0,62.6,0.45,999.9,1,499493
2012-03-13,2012,03,13,2012-03-13,62.5,48.8,1017.5,9.6,12.0,15.0,73.0,45.0,0.04,999.9,1,492437
2012-06-01,2012,06,01,2012-06-01,66.7,51.9,1014.4,10.0,15.9,18.1,73.0,55.9,0.0,999.9,1,548802
2012-05-04,2012,05,04,2012-05-04,59.5,56.1,1014.8,4.9,12.0,999.9,73.0,48.9,0.1,999.9,0,559049
2012-09-19,2012,09,19,2012-09-19,66.7,56.1,1015.2,7.6,21.0,27.0,73.0,57.0,0.68,999.9,0,504883
2012-09-17,2012,09,17,2012-09-17,66.5,48.0,1018.3,10.0,7.0,999.9,77.0,48.2,0.0,999.9,0,399464
2012-05-12,2012,05,12,2012-05-12,65.0,35.6,1021.1,10.0,15.9,999.9,77.0,43.0,0.0,999.9,0,546882
2012-06-11,2012,06,11,2012-06-11,70.2,58.3,1022.9,9.5,9.9,15.0,77.0,53.1,0.0,999.9,0,469554
2012-05-20,2012,05,20,2012-05-20,66.9,42.3,1022.6,10.0,13.0,15.0,77.0,46.9,0.0,999.9,0,473153
2012-07-21,2012,07,21,2012-07-21,68.1,58.5,1018.3,9.8,12.0,999.9,77.0,57.9,0.43,999.9,0,470690
2012-06-07,2012,06,07,2012-06-07,65.7,54.5,1014.2,9.9,8.0,999.9,77.0,57.0,0.02,999.9,0,538013
2012-08-21,2012,08,21,2012-08-21,72.8,57.2,1015.5,10.0,12.0,999.9,81.0,60.8,0.0,999.9,0,452692
2012-09-08,2012,09,08,2012-09-08,75.3,69.6,1007.5,8.8,15.9,28.9,81.0,69.1,0.0,999.9,1,558611
2012-06-27,2012,06,27,2012-06-27,71.3,47.4,1007.6,10.0,16.9,21.0,81.0,62.1,0.0,999.9,0,507550
2012-05-27,2012,05,27,2012-05-27,73.3,65.4,1019.5,7.9,13.0,999.9,81.0,60.1,0.07,999.9,0,378333
2012-08-14,2012,08,14,2012-08-14,76.0,62.6,1014.0,9.6,9.9,999.9,81.0,69.1,0.0,999.9,0,462678
2012-06-08,2012,06,08,2012-06-08,69.9,53.0,1012.6,10.0,8.0,999.9,81.0,51.1,0.01,999.9,1,545823
2012-08-27,2012,08,27,2012-08-27,71.9,66.3,1019.7,8.6,8.9,18.1,81.0,55.4,0.01,999.9,1,409874
2012-08-15,2012,08,15,2012-08-15,73.6,68.9,1011.5,6.5,9.9,999.9,81.0,66.2,0.01,999.9,1,477867
2012-06-29,2012,06,29,2012-06-29,82.4,64.8,1004.9,8.3,11.1,999.9,93.0,64.9,0.21,999.9,1,532261
2012-06-30,2012,06,30,2012-06-30,85.7,60.5,1006.4,9.7,12.0,999.9,93.0,64.0,0.0,999.9,0,480846
2012-06-21,2012,06,21,2012-06-21,86.9,66.9,1012.1,8.8,12.0,20.0,93.0,72.0,0.0,999.9,0,550983
2012-07-01,2012,07,01,2012-07-01,83.6,63.0,1008.9,9.7,9.9,18.1,93.0,66.0,0.0,999.9,0,424112
2012-06-20,2012,06,20,2012-06-20,79.6,67.5,1017.2,8.0,15.9,999.9,93.0,59.0,0.0,999.9,0,531734
2012-01-20,2012,01,20,2012-01-20,31.2,13.0,1019.1,10.0,16.9,18.1,37.0,24.1,0.0,999.9,0,566619
2012-02-12,2012,02,12,2012-02-12,29.2,12.2,1007.7,9.2,23.9,25.1,37.0,21.0,0.08,999.9,0,514642
2012-01-09,2012,01,09,2012-01-09,35.0,17.9,1024.8,10.0,12.0,999.9,41.0,30.9,0.0,999.9,0,439369
2012-11-25,2012,11,25,2012-11-25,36.6,17.2,1011.6,10.0,22.9,30.9,41.0,33.1,0.0,999.9,0,413434
2012-01-30,2012,01,30,2012-01-30,39.7,24.5,1018.6,9.9,19.0,999.9,41.0,37.9,0.0,999.9,0,453891
2012-03-02,2012,03,02,2012-03-02,36.9,30.6,1017.3,10.0,16.9,999.9,41.0,33.1,0.13,999.9,0,578422
2012-12-28,2012,12,28,2012-12-28,33.0,22.4,1015.3,9.4,22.0,34.0,41.0,30.0,0.37,999.9,0,431556
2012-02-13,2012,02,13,2012-02-13,33.0,13.8,1015.0,10.0,22.9,999.9,43.0,21.0,0.01,999.9,0,491284
2012-12-12,2012,12,12,2012-12-12,40.1,23.6,1026.0,10.0,12.0,19.0,43.0,33.8,0.01,999.9,0,516441
2012-11-29,2012,11,29,2012-11-29,37.5,21.9,1025.9,9.7,15.9,22.9,43.0,32.0,0.01,999.9,0,519636
2012-01-29,2012,01,29,2012-01-29,41.0,26.5,1017.1,9.9,15.0,999.9,43.0,39.0,0.0,999.9,0,467885
2012-02-11,2012,02,11,2012-02-11,36.0,28.7,1008.0,5.8,15.9,17.1,43.0,33.1,0.06,999.9,0,589609
2012-02-08,2012,02,08,2012-02-08,35.5,18.7,1023.4,9.9,14.0,999.9,43.0,30.9,0.0,999.9,0,522019
2012-12-06,2012,12,06,2012-12-06,35.0,16.8,1025.5,10.0,19.0,27.0,45.0,28.0,0.01,999.9,0,519812
2012-12-22,2012,12,22,2012-12-22,37.4,25.0,998.4,10.0,25.1,32.1,45.0,33.1,0.7,999.9,0,482527
2012-02-26,2012,02,26,2012-02-26,35.7,12.1,1025.2,10.0,20.0,999.9,45.0,28.9,0.0,999.9,0,469136
2012-11-06,2012,11,06,2012-11-06,36.6,17.4,1022.0,10.0,14.0,18.1,45.0,32.0,0.07,999.9,0,450531
2012-12-01,2012,12,01,2012-12-01,38.5,32.1,1031.4,9.3,14.0,22.0,45.0,34.0,0.0,999.9,0,569805
2012-02-16,2012,02,16,2012-02-16,40.3,32.6,1024.3,8.3,7.0,999.9,45.0,36.0,0.01,999.9,0,542061
2012-02-10,2012,02,10,2012-02-10,39.3,21.4,1018.9,10.0,9.9,14.0,45.0,30.9,0.0,999.9,0,577540
2012-02-04,2012,02,04,2012-02-04,41.3,21.5,1024.8,10.0,15.0,999.9,45.0,32.0,0.0,999.9,0,547815
2012-02-09,2012,02,09,2012-02-09,35.7,23.0,1019.1,8.3,12.0,15.0,45.0,30.2,0.01,999.9,0,541616
2012-02-23,2012,02,23,2012-02-23,51.5,34.8,999.2,10.0,16.9,22.9,57.0,43.0,0.0,999.9,0,527637
2012-01-08,2012,01,08,2012-01-08,44.3,25.2,1019.4,10.0,13.0,17.1,57.0,37.9,0.0,999.9,0,463563
2012-03-30,2012,03,30,2012-03-30,46.2,23.0,1016.4,10.0,15.0,17.1,57.0,39.9,0.0,999.9,0,562970
2012-02-02,2012,02,02,2012-02-02,45.6,31.4,1016.6,10.0,18.1,999.9,57.0,39.0,0.01,999.9,0,536346
2012-01-27,2012,01,27,2012-01-27,47.5,45.0,1003.9,4.1,16.9,26.0,59.0,37.0,0.16,999.9,1,549222
2012-10-24,2012,10,24,2012-10-24,57.1,53.5,1019.9,6.4,9.9,999.9,59.0,51.8,0.07,999.9,0,508006
2012-04-26,2012,04,26,2012-04-26,52.0,42.4,1011.0,8.3,13.0,15.0,59.0,43.0,0.0,999.9,0,542983
2012-04-10,2012,04,10,2012-04-10,53.6,27.8,1005.6,10.0,14.0,15.9,59.0,45.0,0.0,999.9,0,501356
2012-03-11,2012,03,11,2012-03-11,44.9,19.4,1031.5,10.0,18.1,19.0,59.0,28.0,0.0,999.9,0,462052
2012-04-06,2012,04,06,2012-04-06,47.1,22.2,1013.9,10.0,9.9,17.1,59.0,37.9,0.0,999.9,0,544558
2012-12-11,2012,12,11,2012-12-11,50.1,43.2,1013.2,7.3,19.0,26.0,59.0,42.8,0.23,999.9,1,495098
2012-04-24,2012,04,24,2012-04-24,48.5,32.5,998.4,10.0,22.0,999.9,59.0,41.0,0.22,999.9,0,518015
2012-04-12,2012,04,12,2012-04-12,50.1,32.0,1014.6,10.0,9.9,18.1,61.0,43.0,0.0,999.9,0,540816
2012-05-02,2012,05,02,2012-05-02,52.5,49.1,1020.0,8.0,14.0,999.9,61.0,46.9,0.04,999.9,0,528684
2012-03-07,2012,03,07,2012-03-07,46.3,26.9,1032.7,10.0,18.1,20.0,61.0,33.1,0.0,999.9,0,526420
2012-10-25,2012,10,25,2012-10-25,58.0,51.3,1023.9,10.0,8.9,999.9,61.0,43.0,0.0,999.9,0,522739
2012-03-17,2012,03,17,2012-03-17,52.2,45.3,1024.8,6.8,9.9,999.9,61.0,42.1,0.01,999.9,0,559115
2012-04-05,2012,04,05,2012-04-05,49.6,25.8,1008.6,10.0,15.9,22.9,61.0,42.1,0.0,999.9,0,546036
2012-10-28,2012,10,28,2012-10-28,57.7,50.0,1010.8,9.6,22.0,32.1,61.0,53.6,0.0,999.9,0,430478
2012-11-11,2012,11,11,2012-11-11,54.7,45.1,1030.8,7.0,9.9,999.9,63.0,37.4,0.0,999.9,0,473452
2012-04-22,2012,04,22,2012-04-22,51.3,48.1,1006.4,7.4,19.0,29.9,63.0,46.0,0.22,999.9,1,520997
2012-04-29,2012,04,29,2012-04-29,53.4,23.2,1020.2,10.0,18.1,999.9,63.0,44.1,0.0,999.9,0,487666
2012-04-03,2012,04,03,2012-04-03,50.5,16.2,1011.3,10.0,16.9,17.1,63.0,39.0,0.04,999.9,0,506070
2012-03-18,2012,03,18,2012-03-18,51.1,45.0,1026.6,6.8,13.0,15.0,63.0,39.9,0.0,999.9,0,459165
2012-10-22,2012,10,22,2012-10-22,57.8,40.1,1017.4,10.0,20.0,26.0,66.0,48.9,0.0,999.9,0,447455
2012-10-19,2012,10,19,2012-10-19,63.2,61.1,1010.9,6.1,18.1,23.9,66.0,55.0,0.25,999.9,1,547098
2012-04-08,2012,04,08,2012-04-08,54.6,19.7,1011.2,10.0,14.0,28.9,66.0,39.9,0.0,999.9,0,417649
2012-03-09,2012,03,09,2012-03-09,49.2,31.2,1015.9,9.9,22.9,26.0,66.0,41.0,0.02,999.9,0,583989
2012-05-24,2012,05,24,2012-05-24,64.6,63.2,1019.6,4.6,11.1,999.9,66.0,52.0,0.03,999.9,1,507997
2012-04-18,2012,04,18,2012-04-18,57.6,32.4,1022.2,10.0,21.0,999.9,70.0,48.9,0.0,999.9,0,531419
2012-04-21,2012,04,21,2012-04-21,61.6,54.8,1008.2,7.8,13.0,22.0,70.0,51.1,0.0,999.9,1,556334
2012-06-12,2012,06,12,2012-06-12,66.6,62.3,1020.3,6.9,12.0,15.9,70.0,62.1,0.0,999.9,0,508298
2012-10-01,2012,10,01,2012-10-01,60.6,46.8,1011.2,10.0,23.9,33.0,70.0,53.1,0.46,999.9,0,440313
2012-03-12,2012,03,12,2012-03-12,55.6,32.4,1025.3,10.0,15.9,17.1,70.0,43.0,0.0,999.9,0,451512
2012-05-22,2012,05,22,2012-05-22,63.4,61.0,1011.7,5.8,13.0,15.9,70.0,57.9,1.62,999.9,1,503924
2012-10-02,2012,10,02,2012-10-02,63.7,54.2,1015.5,7.3,9.9,999.9,70.0,60.1,0.0,999.9,0,483814
2012-03-14,2012,03,14,2012-03-14,64.9,35.4,1019.4,10.0,18.1,999.9,70.0,48.9,0.0,999.9,1,514429
2012-06-18,2012,06,18,2012-06-18,62.7,52.7,1020.1,10.0,7.0,999.9,70.0,55.9,0.0,999.9,0,454274
2012-03-08,2012,03,08,2012-03-08,59.9,45.4,1022.2,10.0,21.0,27.0,70.0,46.0,0.0,999.9,0,547572
2012-07-22,2012,07,22,2012-07-22,72.5,59.4,1020.3,10.0,8.0,999.9,82.0,54.0,0.0,999.9,0,425024
2012-06-24,2012,06,24,2012-06-24,74.4,55.7,1014.8,10.0,11.1,999.9,82.0,61.0,0.0,999.9,0,444539
2012-08-30,2012,08,30,2012-08-30,72.0,49.4,1017.6,10.0,15.9,20.0,82.0,57.2,0.0,999.9,0,475770
2012-07-14,2012,07,14,2012-07-14,78.5,62.7,1021.6,10.0,13.0,19.0,82.0,68.0,0.0,999.9,1,484527
2012-06-10,2012,06,10,2012-06-10,73.4,61.8,1017.0,9.8,13.0,999.9,82.0,55.9,0.0,999.9,1,441048
2012-06-23,2012,06,23,2012-06-23,74.6,62.7,1011.0,6.6,11.1,999.9,82.0,68.0,0.35,999.9,0,508957
2012-09-07,2012,09,07,2012-09-07,77.0,67.8,1012.2,8.7,8.0,999.9,86.0,64.4,0.0,999.9,0,566505
2012-07-10,2012,07,10,2012-07-10,76.5,56.3,1016.0,10.0,9.9,999.9,86.0,61.0,0.0,999.9,0,475189
2012-08-08,2012,08,08,2012-08-08,77.8,67.1,1014.7,8.8,8.0,999.9,86.0,64.0,0.0,999.9,0,491155
2012-08-13,2012,08,13,2012-08-13,76.3,61.2,1014.6,9.2,13.0,999.9,86.0,69.1,0.05,999.9,0,417636
2012-08-06,2012,08,06,2012-08-06,77.3,66.9,1015.7,8.9,15.0,22.0,86.0,71.1,0.49,999.9,0,438462
2012-08-28,2012,08,28,2012-08-28,77.9,67.4,1011.5,9.0,15.9,22.9,86.0,69.8,0.75,999.9,0,452675
2012-07-23,2012,07,23,2012-07-23,76.0,67.2,1016.9,8.9,13.0,999.9,86.0,64.0,0.0,999.9,0,456713
2012-07-24,2012,07,24,2012-07-24,80.3,67.3,1005.4,8.1,15.0,18.1,90.0,70.0,0.15,999.9,0,494027
2012-08-04,2012,08,04,2012-08-04,77.9,71.7,1021.1,5.7,11.1,18.1,90.0,71.1,0.0,999.9,1,482992
2012-09-01,2012,09,01,2012-09-01,81.6,61.3,1014.6,9.9,16.9,22.9,90.0,62.6,0.0,999.9,0,441713
2012-07-08,2012,07,08,2012-07-08,80.6,65.5,1010.1,8.5,8.0,15.9,90.0,70.0,0.59,999.9,0,392852
2012-08-31,2012,08,31,2012-08-31,78.7,56.1,1016.3,9.9,20.0,27.0,90.0,68.0,0.0,999.9,0,478865
2012-06-22,2012,06,22,2012-06-22,82.4,68.3,1008.4,6.1,8.9,19.0,90.0,69.1,0.0,999.9,0,546016
2012-10-06,2012,10,06,2012-10-06,66.1,57.9,1010.5,7.0,15.0,21.0,75.0,57.0,0.01,999.9,1,545955
2012-03-23,2012,03,23,2012-03-23,67.5,52.9,1018.3,9.2,15.0,15.9,75.0,54.0,0.0,999.9,0,560953
2012-08-19,2012,08,19,2012-08-19,68.7,55.0,1014.2,10.0,12.0,999.9,75.0,62.1,0.23,999.9,0,388379
2012-07-29,2012,07,29,2012-07-29,71.7,66.1,1015.1,9.4,12.0,15.9,79.0,66.9,0.18,999.9,0,418627
2012-06-16,2012,06,16,2012-06-16,68.3,52.3,1025.7,10.0,14.0,999.9,79.0,55.9,0.0,999.9,0,507227
2012-05-31,2012,05,31,2012-05-31,72.5,55.6,1008.4,9.8,8.0,15.9,79.0,59.0,0.01,999.9,1,511142
2012-07-30,2012,07,30,2012-07-30,73.1,65.1,1018.6,10.0,8.9,999.9,79.0,64.9,0.01,999.9,0,436752
2012-09-04,2012,09,04,2012-09-04,72.6,68.4,1016.8,8.8,15.9,999.9,79.0,60.8,0.02,999.9,0,456512
2012-09-03,2012,09,03,2012-09-03,73.8,65.1,1019.8,10.0,14.0,999.9,79.0,55.4,0.0,999.9,0,347615
2012-09-06,2012,09,06,2012-09-06,73.2,65.3,1011.3,9.7,12.0,999.9,79.0,62.6,0.59,999.9,0,529502
2012-08-29,2012,08,29,2012-08-29,73.3,53.2,1014.0,10.0,15.0,21.0,79.0,64.4,0.01,999.9,0,460015
2012-08-10,2012,08,10,2012-08-10,75.3,71.3,1011.6,7.6,20.0,23.9,79.0,66.2,0.0,999.9,1,512631
2012-07-04,2012,07,04,2012-07-04,81.8,65.6,1009.1,9.2,11.1,999.9,91.0,68.0,0.06,999.9,0,379565
2012-07-06,2012,07,06,2012-07-06,81.9,62.3,1011.7,10.0,9.9,999.9,91.0,66.9,0.0,999.9,0,437348
2012-08-05,2012,08,05,2012-08-05,78.1,72.4,1019.7,5.8,15.0,22.9,91.0,69.1,0.0,999.9,1,434836
2012-07-16,2012,07,16,2012-07-16,79.0,67.9,1011.5,9.2,14.0,22.0,91.0,70.0,0.26,999.9,0,455194
2012-07-07,2012,07,07,2012-07-07,84.9,65.9,1010.1,9.5,14.0,17.1,95.0,70.0,0.0,999.9,0,423072
2012-12-25,2012,12,25,2012-12-25,37.5,32.5,1016.2,6.8,15.0,25.1,46.4,30.2,0.01,999.9,0,227615
2012-02-14,2012,02,14,2012-02-14,40.4,16.6,1017.6,10.0,11.1,15.9,46.9,36.0,0.0,999.9,0,531883
2012-01-11,2012,01,11,2012-01-11,42.1,27.3,1016.8,10.0,15.0,15.9,46.9,36.0,0.0,999.9,0,493716
2012-03-31,2012,03,31,2012-03-31,41.3,37.0,1012.9,7.2,14.0,22.0,46.9,36.0,0.36,999.9,0,581973
2012-12-16,2012,12,16,2012-12-16,44.5,37.8,1019.8,7.5,19.0,27.0,46.9,30.2,0.0,999.9,0,485255
2012-01-25,2012,01,25,2012-01-25,41.4,26.6,1022.5,10.0,15.9,17.1,46.9,37.9,0.0,999.9,0,508498
2012-02-25,2012,02,25,2012-02-25,41.3,25.5,999.6,9.4,34.0,35.0,46.9,37.4,0.31,999.9,0,574939
2012-01-10,2012,01,10,2012-01-10,39.5,25.1,1014.0,9.2,11.1,15.9,46.9,33.1,0.0,999.9,0,471469
2012-11-14,2012,11,14,2012-11-14,42.8,29.9,1031.9,9.6,22.0,28.9,46.9,37.0,0.33,999.9,0,491671
2012-11-26,2012,11,26,2012-11-26,40.3,19.7,1017.3,10.0,16.9,23.9,46.9,36.0,0.0,999.9,0,436770
2012-12-15,2012,12,15,2012-12-15,42.6,27.1,1024.5,9.9,13.0,19.0,46.9,33.8,0.0,999.9,0,555458
2012-01-28,2012,01,28,2012-01-28,42.4,27.2,1012.3,10.0,16.9,24.1,48.9,37.9,0.47,999.9,0,554706
2012-02-24,2012,02,24,2012-02-24,41.8,34.0,1004.1,6.2,13.0,20.0,48.9,35.6,0.29,999.9,0,560829
2012-11-18,2012,11,18,2012-11-18,43.2,31.0,1037.2,9.8,14.0,21.0,48.9,34.0,0.0,999.9,0,466313
2012-02-07,2012,02,07,2012-02-07,43.7,25.4,1017.0,10.0,14.0,17.1,48.9,39.0,0.0,999.9,0,485974
2012-12-31,2012,12,31,2012-12-31,31.5,17.2,1019.6,10.0,22.9,35.9,37.4,26.1,0.0,999.9,0,453958
2012-12-08,2012,12,08,2012-12-08,47.3,46.0,1013.7,3.7,15.9,22.0,55.4,42.8,0.32,999.9,1,548773
2012-01-26,2012,01,26,2012-01-26,36.5,28.5,1021.9,8.7,8.0,14.0,39.9,33.1,0.02,999.9,0,534698
2012-01-03,2012,01,03,2012-01-03,28.5,12.4,1011.7,10.0,15.0,24.1,39.9,21.9,0.0,999.9,0,438459
2012-01-05,2012,01,05,2012-01-05,31.6,15.4,1013.2,10.0,13.0,18.1,39.9,27.0,0.0,999.9,0,488687
2012-04-02,2012,04,02,2012-04-02,48.0,32.9,1006.4,8.7,11.1,22.0,55.9,37.9,0.55,999.9,0,480469
2012-02-27,2012,02,27,2012-02-27,43.2,24.8,1027.2,10.0,9.9,999.9,55.9,27.0,0.0,999.9,0,444577
2012-02-22,2012,02,22,2012-02-22,48.4,33.8,1006.1,9.8,12.0,18.1,55.9,41.0,0.0,999.9,0,498686
2012-04-27,2012,04,27,2012-04-27,50.4,37.6,1010.3,7.8,21.0,26.0,55.9,45.0,0.07,999.9,0,563439
2012-11-08,2012,11,08,2012-11-08,41.2,35.1,1006.4,5.1,41.0,59.1,55.9,30.2,2.45,999.9,0,486267
2012-12-21,2012,12,21,2012-12-21,47.3,42.9,996.6,7.1,32.1,42.9,55.9,39.0,0.56,999.9,0,538664
2012-10-08,2012,10,08,2012-10-08,49.9,42.9,1022.9,9.0,15.9,23.9,55.9,44.1,0.2,999.9,0,404474
2012-04-23,2012,04,23,2012-04-23,50.0,47.3,990.8,5.5,22.9,28.0,55.9,48.0,2.67,999.9,0,491285
2012-03-03,2012,03,03,2012-03-03,46.9,39.1,1002.9,6.2,20.0,21.0,55.9,39.2,0.23,999.9,1,557669
2012-01-31,2012,01,31,2012-01-31,44.7,28.9,1020.9,9.4,11.1,15.0,55.9,32.0,0.0,999.9,0,476997
2012-12-10,2012,12,10,2012-12-10,50.3,49.5,1011.1,2.8,19.0,26.0,57.9,43.0,0.35,999.9,1,450641
2012-05-03,2012,05,03,2012-05-03,53.4,51.3,1020.5,5.5,7.0,999.9,57.9,46.0,0.55,999.9,0,541753
2012-12-05,2012,12,05,2012-12-05,52.6,41.5,1016.3,9.1,19.0,28.0,57.9,39.9,0.01,999.9,0,513344
2012-08-22,2012,08,22,2012-08-22,73.8,60.3,1019.6,9.8,8.0,999.9,80.1,61.0,0.0,999.9,0,470301
2012-09-02,2012,09,02,2012-09-02,75.4,65.9,1017.7,9.8,11.1,999.9,80.1,62.1,0.0,999.9,0,388703
2012-09-05,2012,09,05,2012-09-05,75.2,71.5,1009.7,6.7,16.9,22.9,80.1,71.1,0.13,999.9,0,501150
2012-09-13,2012,09,13,2012-09-13,70.4,54.8,1027.4,10.0,9.9,999.9,80.1,62.1,0.0,999.9,0,526472
2012-07-31,2012,07,31,2012-07-31,73.4,64.3,1016.7,10.0,14.0,999.9,80.1,60.1,0.0,999.9,0,467334
2012-05-13,2012,05,13,2012-05-13,70.9,48.1,1020.7,10.0,12.0,999.9,80.1,52.0,0.0,999.9,0,465843
2012-09-14,2012,09,14,2012-09-14,70.5,57.7,1023.4,9.7,9.9,999.9,80.1,55.4,0.0,999.9,0,541363
2012-09-12,2012,09,12,2012-09-12,68.5,49.7,1026.5,10.0,9.9,999.9,80.1,55.0,0.0,999.9,0,505646
2012-09-28,2012,09,28,2012-09-28,65.2,61.8,1019.8,5.9,15.9,22.9,69.1,51.8,0.25,999.9,1,518681
2012-04-20,2012,04,20,2012-04-20,60.9,46.1,1016.2,10.0,11.1,17.1,69.1,46.9,0.04,999.9,0,560298
2012-10-14,2012,10,14,2012-10-14,58.7,45.9,1021.9,10.0,20.0,26.0,69.1,44.6,0.0,999.9,0,462850
2012-10-20,2012,10,20,2012-10-20,62.7,58.6,1006.5,5.0,18.1,22.0,69.1,57.9,0.13,999.9,1,535041
2012-05-09,2012,05,09,2012-05-09,62.9,61.0,1007.7,4.6,16.9,999.9,69.1,53.1,0.23,999.9,0,533649
2012-04-19,2012,04,19,2012-04-19,56.0,44.5,1018.9,8.7,9.9,999.9,69.1,46.0,0.05,999.9,0,541848
2012-05-28,2012,05,28,2012-05-28,76.8,68.0,1014.5,9.2,7.0,999.9,89.1,61.0,0.01,999.9,1,342774
2012-05-29,2012,05,29,2012-05-29,81.1,69.5,1009.7,9.5,8.9,999.9,89.1,75.0,0.0,999.9,1,471925
2012-08-03,2012,08,03,2012-08-03,77.9,70.8,1015.3,6.0,13.0,18.1,89.1,69.1,0.0,999.9,1,522304
2012-10-31,2012,10,31,2012-10-31,49.7,43.2,999.6,8.6,14.0,17.1,60.8,45.0,0.06,999.9,0,289239
2012-06-09,2012,06,09,2012-06-09,71.7,53.9,1012.1,10.0,11.1,999.9,78.1,59.0,0.0,999.9,0,523509
2012-08-01,2012,08,01,2012-08-01,72.2,68.4,1012.4,7.8,9.9,999.9,78.1,66.9,0.55,999.9,1,473879
2012-05-19,2012,05,19,2012-05-19,64.2,43.2,1020.9,10.0,15.9,999.9,78.1,46.9,0.0,999.9,0,527801
2012-08-18,2012,08,18,2012-08-18,69.8,63.7,1011.3,8.4,9.9,999.9,78.1,62.6,0.01,999.9,0,463511
2012-10-05,2012,10,05,2012-10-05,67.8,59.7,1016.7,8.4,9.9,999.9,78.1,60.8,0.0,999.9,0,536824
2012-05-16,2012,05,16,2012-05-16,66.4,63.2,1012.1,3.5,8.9,999.9,78.1,57.9,0.62,999.9,1,526910
2012-04-17,2012,04,17,2012-04-17,73.3,44.1,1016.5,10.0,9.9,18.1,78.1,68.0,0.0,999.9,0,497401
2012-08-20,2012,08,20,2012-08-20,71.4,56.7,1012.5,10.0,9.9,999.9,78.1,64.0,0.0,999.9,0,412445
2012-06-15,2012,06,15,2012-06-15,68.6,54.3,1024.8,9.8,16.9,999.9,78.1,53.1,0.0,999.9,0,537602
2012-05-30,2012,05,30,2012-05-30,71.6,65.4,1007.5,9.3,11.1,999.9,78.1,61.0,0.22,999.9,1,496986
2012-06-06,2012,06,06,2012-06-06,62.2,51.4,1014.4,9.8,8.0,999.9,71.1,52.0,0.01,999.9,0,523262
2012-04-14,2012,04,14,2012-04-14,60.1,28.9,1020.4,10.0,13.0,999.9,71.1,46.9,0.0,999.9,0,564375
2012-06-17,2012,06,17,2012-06-17,64.8,55.6,1022.7,9.8,13.0,999.9,71.1,55.9,0.0,999.9,0,436561
2012-09-10,2012,09,10,2012-09-10,65.4,49.1,1014.3,10.0,20.0,26.0,71.1,55.4,0.16,999.9,0,468765
2012-05-18,2012,05,18,2012-05-18,62.1,42.1,1021.8,10.0,11.1,999.9,71.1,44.1,0.0,999.9,0,551151
2012-10-15,2012,10,15,2012-10-15,65.3,57.8,1009.5,9.4,20.0,26.0,71.1,61.0,0.0,999.9,0,454171
2012-07-13,2012,07,13,2012-07-13,78.9,60.7,1021.8,9.9,7.0,999.9,87.1,63.0,0.0,999.9,0,528210
2012-07-15,2012,07,15,2012-07-15,79.7,68.6,1018.3,9.1,13.0,999.9,87.1,70.0,0.0,999.9,0,446608
2012-07-26,2012,07,26,2012-07-26,78.0,62.4,1007.0,8.9,13.0,29.9,87.1,66.9,0.0,999.9,1,514587
2012-08-02,2012,08,02,2012-08-02,75.0,68.4,1011.3,6.2,11.1,999.9,87.1,66.2,0.11,999.9,1,511701
2012-08-24,2012,08,24,2012-08-24,77.3,60.9,1020.7,9.3,7.0,999.9,87.1,66.0,0.0,999.9,0,487594
2012-07-27,2012,07,27,2012-07-27,76.6,69.3,1007.0,9.1,14.0,999.9,87.1,70.0,0.6,999.9,0,514026
2012-08-11,2012,08,11,2012-08-11,77.7,71.5,1010.2,7.8,16.9,28.0,87.1,71.1,1.1,999.9,0,463899
2012-11-20,2012,11,20,2012-11-20,44.4,32.8,1022.1,10.0,14.0,19.0,51.8,39.9,0.0,999.9,0,471370
2012-11-03,2012,11,03,2012-11-03,44.7,30.1,1009.4,10.0,15.0,25.1,51.8,42.1,0.01,999.9,0,439274
2012-11-04,2012,11,04,2012-11-04,43.2,29.6,1014.1,10.0,15.0,22.0,51.8,39.0,0.0,999.9,0,434019
2012-11-15,2012,11,15,2012-11-15,40.4,25.0,1029.7,10.0,21.0,27.0,48.2,36.0,0.0,999.9,0,515282
2012-11-05,2012,11,05,2012-11-05,42.3,27.3,1016.3,10.0,19.0,23.9,48.2,37.9,0.0,999.9,0,420930
2012-11-16,2012,11,16,2012-11-16,41.9,29.5,1026.4,9.7,15.0,999.9,48.2,37.9,0.0,999.9,0,537113
2012-12-07,2012,12,07,2012-12-07,38.8,30.9,1022.7,7.9,12.0,999.9,48.2,26.6,0.0,999.9,0,530731
2012-11-07,2012,11,07,2012-11-07,37.1,27.1,1014.6,7.3,42.0,55.9,48.2,30.9,0.0,999.9,1,443551
2012-10-29,2012,10,29,2012-10-29,56.9,53.1,994.0,6.1,35.9,52.1,64.4,54.0,0.03,999.9,0,113808
2012-10-30,2012,10,30,2012-10-30,53.9,48.9,989.0,8.1,22.0,46.0,64.4,50.0,1.97,999.9,0,181706
2012-10-26,2012,10,26,2012-10-26,60.8,53.4,1022.6,10.0,7.0,999.9,64.9,39.2,0.0,999.9,0,499439
2012-10-10,2012,10,10,2012-10-10,58.2,53.8,1013.5,7.5,15.9,22.9,64.9,53.1,0.03,999.9,0,500107
2012-05-10,2012,05,10,2012-05-10,59.1,49.1,1001.9,7.3,22.0,24.1,64.9,53.6,0.33,999.9,0,540397
2012-05-15,2012,05,15,2012-05-15,62.8,59.9,1018.6,6.5,12.0,15.0,64.9,54.0,0.01,999.9,1,506311
2012-06-04,2012,06,04,2012-06-04,59.9,52.2,1004.4,9.4,19.0,999.9,64.9,51.1,0.01,999.9,0,477167
2012-10-18,2012,10,18,2012-10-18,56.8,46.7,1016.1,9.7,9.9,15.9,64.9,42.8,0.0,999.9,0,517804
2012-11-12,2012,11,12,2012-11-12,56.7,50.2,1029.8,7.4,9.9,17.1,64.9,48.0,0.0,999.9,1,427400
2012-05-08,2012,05,08,2012-05-08,58.5,49.8,1015.4,9.7,15.9,20.0,64.9,50.0,0.01,999.9,0,515755
2012-10-27,2012,10,27,2012-10-27,61.9,53.9,1017.0,9.6,12.0,16.9,64.9,42.8,0.0,999.9,0,536484
2012-08-16,2012,08,16,2012-08-16,74.0,64.3,1011.9,6.7,13.0,15.0,84.9,66.0,0.15,999.9,1,497924
2012-04-16,2012,04,16,2012-04-16,73.6,55.5,1015.1,9.3,9.9,15.9,84.9,53.1,0.0,999.9,0,465719
2012-07-25,2012,07,25,2012-07-25,76.5,53.5,1009.7,10.0,19.0,999.9,84.9,66.9,0.0,999.9,0,499743
2012-08-12,2012,08,12,2012-08-12,77.8,65.4,1012.5,8.7,22.0,29.9,84.9,69.8,0.62,999.9,0,403362
2012-05-25,2012,05,25,2012-05-25,64.7,62.8,1022.1,3.5,11.1,999.9,73.4,52.0,0.92,999.9,1,497131
2012-10-04,2012,10,04,2012-10-04,68.6,66.2,1019.0,2.9,13.0,999.9,73.4,62.6,0.01,999.9,1,526930
2012-09-27,2012,09,27,2012-09-27,69.0,60.4,1019.4,8.7,16.9,20.0,73.9,55.4,0.01,999.9,0,492045
2012-05-23,2012,05,23,2012-05-23,67.9,63.4,1013.0,7.6,8.0,999.9,73.9,57.0,0.04,999.9,1,516313
2012-06-02,2012,06,02,2012-06-02,67.0,58.6,1006.7,7.6,21.0,999.9,73.9,53.1,0.64,999.9,0,513101
2012-07-20,2012,07,20,2012-07-20,67.2,62.8,1014.9,7.4,13.0,21.0,73.9,61.0,0.17,999.9,0,514343
2012-07-05,2012,07,05,2012-07-05,86.7,64.3,1007.4,9.4,15.0,999.9,93.9,70.0,99.99,999.9,0,420664
2012-07-17,2012,07,17,2012-07-17,84.6,63.3,1009.3,9.4,9.9,18.1,93.9,70.0,0.0,999.9,0,502991
2012-12-26,2012,12,26,2012-12-26,32.2,25.3,1022.1,8.8,19.0,29.9,39.2,28.0,0.13,999.9,1,347026
2012-10-09,2012,10,09,2012-10-09,53.8,48.5,1022.3,8.5,18.1,26.0,57.2,50.0,0.46,999.9,0,479261
2012-11-01,2012,11,01,2012-11-01,47.7,37.4,1001.8,10.0,19.0,23.9,57.2,43.0,0.04,999.9,0,335121
2012-03-28,2012,03,28,2012-03-28,52.2,25.7,1012.3,9.8,15.0,22.9,66.9,36.0,0.0,999.9,0,511830
2012-03-21,2012,03,21,2012-03-21,60.6,56.8,1026.4,6.6,8.0,999.9,66.9,57.0,0.0,999.9,1,507290
2012-05-21,2012,05,21,2012-05-21,60.4,55.8,1021.8,5.6,13.0,19.0,66.9,52.0,0.0,999.9,1,483365
2012-04-04,2012,04,04,2012-04-04,59.8,19.4,1004.3,10.0,13.0,22.0,66.9,45.0,0.0,999.9,0,530029
2012-08-07,2012,08,07,2012-08-07,75.2,58.1,1015.7,10.0,9.9,999.9,82.9,63.0,0.01,999.9,0,467911
2012-08-26,2012,08,26,2012-08-26,73.9,62.4,1025.2,10.0,8.9,15.0,82.9,60.8,0.0,999.9,0,402829
2012-06-03,2012,06,03,2012-06-03,64.9,50.0,1006.5,9.8,18.1,22.0,75.9,55.9,0.39,999.9,1,452251
2012-09-09,2012,09,09,2012-09-09,68.4,57.3,1009.6,9.5,16.9,21.0,75.9,60.8,0.04,999.9,0,485531
2012-09-26,2012,09,26,2012-09-26,67.7,56.8,1018.7,10.0,14.0,999.9,75.9,62.6,0.0,999.9,0,440115
2012-09-22,2012,09,22,2012-09-22,66.3,60.6,1012.6,8.1,15.0,20.0,75.9,60.1,0.01,999.9,0,544721
2012-06-19,2012,06,19,2012-06-19,67.5,59.4,1020.4,9.9,8.9,999.9,75.9,52.0,0.0,999.9,1,496826
2012-07-19,2012,07,19,2012-07-19,73.3,67.2,1013.2,7.5,15.0,18.1,75.9,68.0,1.76,999.9,0,510436
2012-03-22,2012,03,22,2012-03-22,62.9,56.8,1021.9,5.4,14.0,15.9,75.9,48.0,0.0,999.9,1,530119
2012-06-25,2012,06,25,2012-06-25,68.8,63.8,1008.6,7.9,12.0,17.1,75.9,63.0,0.08,999.9,0,456040
2012-06-14,2012,06,14,2012-06-14,68.1,59.6,1021.0,9.8,15.0,18.1,75.9,57.0,0.02,999.9,0,528608
2012-04-15,2012,04,15,2012-04-15,67.7,47.8,1015.8,9.9,12.0,19.0,75.9,48.9,0.0,999.9,0,474317
2012-02-05,2012,02,05,2012-02-05,36.0,19.2,1020.1,10.0,11.1,15.0,42.1,30.9,0.0,999.9,0,477174
2012-03-10,2012,03,10,2012-03-10,36.1,12.0,1031.8,10.0,16.9,28.0,42.1,28.9,99.99,999.9,0,584033
2012-12-23,2012,12,23,2012-12-23,37.8,20.5,1011.5,10.0,21.0,32.1,42.1,33.1,0.01,999.9,0,368789
2012-12-24,2012,12,24,2012-12-24,37.0,19.8,1016.1,10.0,12.0,22.0,42.1,28.9,0.0,999.9,0,344594
2012-03-01,2012,03,01,2012-03-01,39.2,37.7,1006.9,6.4,18.1,999.9,44.1,37.4,0.47,999.9,0,526559
2012-02-19,2012,02,19,2012-02-19,39.1,25.0,1016.9,9.8,15.0,19.0,44.1,35.1,0.02,999.9,0,476508
2012-02-03,2012,02,03,2012-02-03,36.7,18.3,1027.1,10.0,16.9,19.0,44.1,30.0,0.0,999.9,0,562768
2012-02-29,2012,02,29,2012-02-29,40.1,27.7,1024.2,7.6,11.1,18.1,44.1,30.9,0.0,999.9,0,532150
2012-03-05,2012,03,05,2012-03-05,36.7,15.6,1012.9,9.9,16.9,21.0,44.1,32.0,0.0,999.9,0,482835
2012-03-06,2012,03,06,2012-03-06,32.5,9.1,1032.7,10.0,16.9,19.0,44.1,25.0,0.0,999.9,0,515123
2012-04-07,2012,04,07,2012-04-07,49.9,17.6,1016.5,10.0,15.9,24.1,60.1,34.0,0.0,999.9,0,490369
2012-04-30,2012,04,30,2012-04-30,52.0,23.0,1025.2,10.0,8.9,999.9,60.1,42.1,0.0,999.9,0,480828
2012-04-28,2012,04,28,2012-04-28,47.0,25.2,1021.3,10.0,19.0,999.9,60.1,37.9,0.04,999.9,0,565317
2012-10-17,2012,10,17,2012-10-17,51.9,38.0,1014.3,10.0,11.1,999.9,60.1,44.1,0.0,999.9,0,504137
2012-12-03,2012,12,03,2012-12-03,53.5,45.3,1021.4,7.0,15.0,999.9,60.1,39.2,0.04,999.9,0,453814
2012-01-07,2012,01,07,2012-01-07,52.9,31.0,1008.1,10.0,11.1,19.0,62.1,43.0,0.0,999.9,0,524583
2012-04-09,2012,04,09,2012-04-09,56.5,22.0,1004.7,10.0,22.0,35.9,62.1,45.0,0.0,999.9,0,452039
2012-04-25,2012,04,25,2012-04-25,52.9,32.2,1007.9,10.0,13.0,17.1,62.1,43.0,0.0,999.9,0,530067
2012-02-01,2012,02,01,2012-02-01,55.1,35.7,1014.3,9.9,14.0,21.0,62.1,42.1,0.0,999.9,0,497863
2012-12-04,2012,12,04,2012-12-04,51.9,47.1,1022.8,5.6,9.9,999.9,62.1,37.4,0.04,999.9,1,485435
2012-12-29,2012,12,29,2012-12-29,32.5,26.2,1013.1,7.8,21.0,28.0,44.6,24.8,0.0,999.9,1,442861
2012-12-20,2012,12,20,2012-12-20,39.8,29.0,1020.3,10.0,22.9,29.9,44.6,35.1,0.02,999.9,0,531204
2012-11-28,2012,11,28,2012-11-28,37.5,28.8,1022.7,9.3,21.0,28.0,44.6,34.0,0.59,999.9,0,495403
2012-11-27,2012,11,27,2012-11-27,38.7,27.2,1024.2,7.0,9.9,999.9,44.6,33.8,0.0,999.9,0,477516
2012-12-30,2012,12,30,2012-12-30,32.4,21.1,1011.1,8.8,39.0,49.9,44.6,28.9,1.9,999.9,0,426739
2012-11-13,2012,11,13,2012-11-13,52.4,47.5,1024.6,8.8,25.1,29.9,62.6,44.1,0.06,999.9,0,488583
2012-10-12,2012,10,12,2012-10-12,51.2,35.9,1021.1,10.0,19.0,25.1,62.6,48.0,0.0,999.9,0,556519
2012-10-11,2012,10,11,2012-10-11,53.4,35.3,1018.9,10.0,20.0,28.9,62.6,46.9,0.02,999.9,0,521018
2012-01-21,2012,01,21,2012-01-21,25.9,17.0,1021.3,5.7,16.9,21.0,33.1,23.0,0.11,999.9,1,522087
2012-01-14,2012,01,14,2012-01-14,29.6,15.4,1012.1,10.0,25.1,26.0,35.1,28.0,0.09,999.9,0,545057
2012-01-22,2012,01,22,2012-01-22,24.4,16.7,1030.2,10.0,18.1,999.9,35.1,18.0,0.28,1.2,0,468849
2012-01-16,2012,01,16,2012-01-16,22.9,6.1,1033.3,10.0,15.0,17.1,35.1,15.1,0.0,999.9,0,418762
2012-01-23,2012,01,23,2012-01-23,38.5,35.6,1025.9,5.3,15.0,20.0,51.1,33.1,0.0,3.1,1,444752
2012-03-27,2012,03,27,2012-03-27,38.9,1.4,1022.3,10.0,8.9,28.0,51.1,30.0,0.0,999.9,0,498887
2012-01-02,2012,01,02,2012-01-02,42.1,25.6,1006.7,9.8,18.1,22.9,51.1,36.0,0.05,999.9,0,341383
2012-04-11,2012,04,11,2012-04-11,47.6,30.1,1009.5,10.0,13.0,14.0,51.1,36.0,0.0,999.9,0,524150
2012-01-01,2012,01,01,2012-01-01,46.6,38.2,1015.2,10.0,13.0,17.1,51.1,35.6,0.01,999.9,0,212782
2012-02-06,2012,02,06,2012-02-06,39.5,21.1,1019.1,10.0,18.1,999.9,51.1,28.0,0.0,999.9,0,466666
2012-01-13,2012,01,13,2012-01-13,38.8,32.0,998.9,6.9,35.0,999.9,51.1,28.9,0.59,999.9,0,557470
2012-11-17,2012,11,17,2012-11-17,43.6,27.9,1034.8,10.0,16.9,22.0,51.1,39.0,0.0,999.9,0,547382
2012-02-28,2012,02,28,2012-02-28,45.5,23.3,1025.8,10.0,20.0,26.0,53.1,39.9,0.0,999.9,0,495127
2012-11-24,2012,11,24,2012-11-24,44.1,27.7,1006.8,9.5,20.0,30.9,53.1,37.9,0.01,999.9,1,441814
2012-11-09,2012,11,09,2012-11-09,43.3,25.8,1016.1,9.8,30.9,43.9,53.1,36.0,0.17,3.9,0,530408
2012-09-24,2012,09,24,2012-09-24,59.0,40.4,1020.0,10.0,12.0,20.0,66.2,53.1,0.0,999.9,0,420333
2012-10-07,2012,10,07,2012-10-07,52.5,42.3,1017.4,9.3,16.9,23.9,66.2,48.0,0.04,999.9,0,475409
2012-12-02,2012,12,02,2012-12-02,44.3,41.0,1026.9,3.9,15.0,999.9,53.6,41.0,0.08,999.9,1,484310
2012-11-19,2012,11,19,2012-11-19,43.0,34.8,1032.3,10.0,16.9,22.9,53.6,37.9,0.0,999.9,0,450665
2012-11-21,2012,11,21,2012-11-21,46.5,32.7,1021.7,10.0,16.9,22.0,53.6,41.0,0.0,999.9,0,467989
2012-11-02,2012,11,02,2012-11-02,48.2,36.0,1003.4,10.0,13.0,25.1,53.6,46.0,0.0,999.9,0,321535
2012-01-24,2012,01,24,2012-01-24,49.3,41.6,1015.2,8.2,12.0,19.0,53.6,43.0,0.37,2.0,1,471702
2012-09-18,2012,09,18,2012-09-18,70.6,64.8,1011.8,7.6,19.0,27.0,75.2,57.2,0.11,999.9,1,457179
2013-01-26,2013,01,26,2013-01-26,24.4,16.6,1016.4,8.6,15.9,19.0,28.0,21.9,0.0,999.9,0,557203
2013-02-05,2013,02,05,2013-02-05,28.7,16.6,1014.6,7.8,14.0,18.1,32.0,27.0,0.0,999.9,0,482637
2013-02-18,2013,02,18,2013-02-18,24.6,7.6,1010.5,9.3,28.0,36.9,32.0,19.0,0.0,999.9,0,407104
2013-01-28,2013,01,28,2013-01-28,27.3,10.8,1028.9,8.8,14.0,20.0,32.0,21.9,0.0,999.9,0,450789
2013-01-22,2013,01,22,2013-01-22,26.3,18.1,1011.1,6.5,20.0,26.0,32.0,19.9,0.14,999.9,1,496005
2013-02-10,2013,02,10,2013-02-10,24.7,14.7,1024.4,8.9,25.1,36.9,34.0,21.0,0.06,999.9,0,459612
2013-12-31,2013,12,31,2013-12-31,28.5,16.8,1018.8,9.4,15.0,20.0,34.0,24.8,0.0,999.9,0,467587
2013-12-12,2013,12,12,2013-12-12,28.1,11.3,1022.3,10.0,19.0,26.0,34.0,19.9,0.0,999.9,0,507534
2013-02-21,2013,02,21,2013-02-21,30.6,14.1,1009.7,10.0,21.0,29.9,36.0,28.0,0.03,999.9,0,538079
2013-02-03,2013,02,03,2013-02-03,30.7,24.5,1012.0,8.2,17.1,22.9,36.0,25.0,0.01,999.9,0,472623
2013-11-25,2013,11,25,2013-11-25,27.0,4.4,1025.3,10.0,27.0,39.0,36.0,23.0,0.0,999.9,0,445802
2013-02-19,2013,02,19,2013-02-19,36.7,25.4,1019.0,10.0,15.9,26.0,46.0,30.0,99.99,999.9,0,456383
2013-12-03,2013,12,03,2013-12-03,41.8,38.2,1011.1,10.0,18.1,24.1,46.0,39.0,0.0,999.9,0,463782
2013-01-09,2013,01,09,2013-01-09,39.9,37.6,1026.2,6.8,11.1,999.9,46.0,28.0,0.0,999.9,1,457471
2013-11-21,2013,11,21,2013-11-21,39.0,26.7,1035.0,10.0,9.9,999.9,48.0,30.9,0.0,999.9,0,497944
2013-12-19,2013,12,19,2013-12-19,39.1,27.5,1018.9,10.0,20.0,27.0,48.0,27.0,0.0,999.9,0,496031
2013-02-11,2013,02,11,2013-02-11,36.4,32.0,1022.1,7.6,21.0,28.9,48.0,24.1,0.0,999.9,0,458947
2013-04-07,2013,04,07,2013-04-07,39.7,28.6,1025.8,10.0,17.1,999.9,48.0,26.1,0.0,999.9,0,461165
2013-01-08,2013,01,08,2013-01-08,39.8,34.1,1028.8,9.8,17.1,25.1,48.0,25.0,0.0,999.9,0,441778
2013-04-05,2013,04,05,2013-04-05,42.9,38.5,1014.7,8.7,17.1,22.0,48.0,39.0,0.01,999.9,0,554436
2013-01-10,2013,01,10,2013-01-10,43.5,30.4,1024.0,9.9,21.0,32.1,48.0,36.0,0.0,999.9,0,487949
2013-12-29,2013,12,29,2013-12-29,43.2,40.6,1016.7,6.9,24.1,32.1,50.0,27.0,0.0,999.9,0,407235
2013-03-12,2013,03,12,2013-03-12,46.0,43.9,1018.9,7.5,17.1,26.0,50.0,41.0,0.0,999.9,0,494922
2013-11-26,2013,11,26,2013-11-26,44.4,33.4,1026.6,10.0,19.0,26.0,50.0,23.0,0.0,999.9,0,438122
2013-11-05,2013,11,05,2013-11-05,43.5,30.4,1037.8,10.0,7.0,999.9,50.0,37.9,0.0,999.9,0,467510
2013-03-13,2013,03,13,2013-03-13,46.3,41.1,1007.6,7.1,19.0,26.0,50.0,41.0,0.54,999.9,0,514843
2013-12-01,2013,12,01,2013-12-01,43.1,35.0,1026.2,9.8,14.0,999.9,50.0,25.0,0.0,999.9,0,398089
2013-12-28,2013,12,28,2013-12-28,39.3,29.8,1022.2,9.9,18.1,24.1,50.0,27.0,0.0,999.9,0,391307
2013-03-28,2013,03,28,2013-03-28,42.5,34.5,1011.7,9.9,21.0,25.1,50.0,37.9,0.02,999.9,0,512225
2013-12-02,2013,12,02,2013-12-02,44.0,42.1,1014.2,7.0,11.1,999.9,50.0,39.0,0.07,999.9,1,427094
2013-11-14,2013,11,14,2013-11-14,42.8,27.4,1021.3,10.0,22.0,28.9,50.0,30.0,0.0,999.9,0,506377
2013-03-27,2013,03,27,2013-03-27,41.7,30.3,1008.3,10.0,15.9,22.9,50.0,34.0,0.01,999.9,0,486853
2013-04-22,2013,04,22,2013-04-22,43.0,29.8,1037.8,10.0,20.0,25.1,50.0,34.0,0.0,999.9,0,457622
2013-01-20,2013,01,20,2013-01-20,46.3,41.2,1010.0,7.0,20.0,26.0,50.0,43.0,0.0,999.9,0,459393
2013-12-20,2013,12,20,2013-12-20,42.5,37.5,1019.0,8.3,12.0,999.9,52.0,32.0,0.0,999.9,0,520424
2013-11-24,2013,11,24,2013-11-24,30.5,9.2,1011.1,10.0,28.0,47.0,52.0,26.1,0.01,999.9,0,498122
2013-04-24,2013,04,24,2013-04-24,47.5,43.6,1012.9,7.0,28.0,36.9,52.0,44.6,1.77,999.9,0,500551
2013-11-20,2013,11,20,2013-11-20,38.0,21.5,1028.8,10.0,17.1,25.1,52.0,34.0,0.0,999.9,0,493407
2013-12-21,2013,12,21,2013-12-21,47.6,45.6,1016.3,5.5,14.0,999.9,52.0,32.0,0.0,999.9,0,478717
2013-04-11,2013,04,11,2013-04-11,46.2,41.0,1013.7,6.6,19.0,26.0,52.0,42.8,0.06,999.9,1,525206
2013-03-30,2013,03,30,2013-03-30,44.5,35.1,1017.4,10.0,13.0,17.1,52.0,37.9,0.02,999.9,0,504537
2013-12-30,2013,12,30,2013-12-30,42.5,36.9,1008.3,8.8,25.1,34.0,54.0,35.1,0.75,999.9,0,405705
2013-04-10,2013,04,10,2013-04-10,46.5,42.0,1014.1,7.6,15.9,17.1,54.0,41.0,0.12,999.9,1,503211
2013-11-22,2013,11,22,2013-11-22,46.2,41.9,1024.5,9.4,18.1,25.1,54.0,30.9,0.0,999.9,0,524547
2013-10-25,2013,10,25,2013-10-25,48.0,30.2,1015.2,10.0,13.0,21.0,54.0,43.0,0.0,999.9,0,530999
2013-01-31,2013,01,31,2013-01-31,46.5,40.3,995.5,5.9,28.0,39.0,54.0,39.0,0.02,999.9,1,531161
2013-04-18,2013,04,18,2013-04-18,46.5,37.3,1028.1,10.0,17.1,24.1,54.0,35.1,0.0,999.9,0,526055
2013-05-04,2013,05,04,2013-05-04,47.8,38.7,1026.5,10.0,22.0,31.1,54.0,43.0,0.0,999.9,0,554561
2013-11-23,2013,11,23,2013-11-23,47.3,34.3,1010.4,9.6,18.1,27.0,54.0,39.0,0.08,999.9,0,553845
2013-03-29,2013,03,29,2013-03-29,45.2,34.3,1016.4,10.0,14.0,20.0,54.0,39.0,0.02,999.9,0,519004
2013-11-07,2013,11,07,2013-11-07,57.8,55.7,1015.6,7.1,20.0,28.0,64.0,37.0,0.01,999.9,0,508154
2013-10-21,2013,10,21,2013-10-21,54.4,41.1,1018.5,10.0,15.0,19.0,64.0,39.9,0.0,999.9,0,435562
2013-09-26,2013,09,26,2013-09-26,56.8,46.4,1015.6,10.0,17.1,20.0,64.0,44.1,0.0,999.9,0,484958
2013-09-27,2013,09,27,2013-09-27,58.1,51.2,1020.2,10.0,18.1,24.1,64.0,46.9,0.0,999.9,0,502250
2013-10-13,2013,10,13,2013-10-13,55.1,45.6,1027.8,10.0,15.9,22.9,64.0,48.0,0.0,999.9,0,462766
2013-05-27,2013,05,27,2013-05-27,56.9,42.8,1020.0,10.0,20.0,26.0,64.0,51.1,0.01,999.9,0,336266
2013-05-17,2013,05,17,2013-05-17,58.2,43.9,1013.8,9.9,20.0,22.9,64.0,51.1,0.0,999.9,0,533823
2013-11-08,2013,11,08,2013-11-08,47.1,32.0,1012.2,10.0,20.0,27.0,64.0,41.0,1.56,999.9,0,528447
2013-05-22,2013,05,22,2013-05-22,57.8,55.1,1013.8,2.5,13.0,17.1,64.0,53.1,0.0,999.9,1,502907
2013-05-18,2013,05,18,2013-05-18,54.6,45.2,1025.3,10.0,12.0,999.9,64.0,44.1,0.0,999.9,0,535926
2013-05-24,2013,05,24,2013-05-24,61.0,58.7,1009.8,2.1,27.0,39.0,64.0,57.2,1.24,999.9,1,493125
2013-09-25,2013,09,25,2013-09-25,55.3,45.3,1012.3,10.0,8.9,999.9,64.0,44.1,0.0,999.9,0,461769
2013-06-21,2013,06,21,2013-06-21,62.0,56.1,1025.9,10.0,11.1,999.9,68.0,57.0,0.05,999.9,0,505615
2013-10-18,2013,10,18,2013-10-18,62.3,57.0,1008.3,8.8,20.0,25.1,68.0,57.0,0.01,999.9,0,526590
2013-09-15,2013,09,15,2013-09-15,61.2,50.7,1019.4,10.0,13.0,17.1,68.0,51.1,0.0,999.9,0,462795
2013-10-19,2013,10,19,2013-10-19,57.3,45.0,1013.9,10.0,11.1,15.9,68.0,46.9,0.0,999.9,0,549186
2013-06-17,2013,06,17,2013-06-17,63.2,59.2,1011.3,7.0,14.0,21.0,68.0,57.0,0.03,999.9,0,437845
2013-06-05,2013,06,05,2013-06-05,58.6,45.6,1020.5,9.8,8.9,999.9,68.0,48.9,0.0,999.9,0,497525
2013-06-10,2013,06,10,2013-06-10,62.2,56.1,1021.3,9.3,8.9,999.9,72.0,53.1,0.0,999.9,0,461167
2013-05-08,2013,05,08,2013-05-08,59.4,54.7,1021.5,7.5,15.9,22.0,72.0,53.1,0.01,999.9,1,509311
2013-06-15,2013,06,15,2013-06-15,62.4,52.3,1011.0,10.0,13.0,999.9,72.0,52.0,0.14,999.9,0,495600
2013-09-21,2013,09,21,2013-09-21,63.6,60.3,1015.6,9.9,13.0,999.9,72.0,54.0,0.01,999.9,1,535226
2013-07-01,2013,07,01,2013-07-01,66.7,65.3,1017.0,4.1,14.0,20.0,72.0,64.0,0.04,999.9,0,422480
2013-07-03,2013,07,03,2013-07-03,68.7,67.2,1024.1,2.5,15.0,999.9,72.0,64.4,0.03,999.9,1,435265
2013-10-05,2013,10,05,2013-10-05,61.3,57.7,1018.0,9.6,8.0,999.9,72.0,54.0,0.13,999.9,0,538444
2013-07-12,2013,07,12,2013-07-12,69.4,67.8,1015.9,3.1,15.0,49.9,72.0,66.0,0.06,999.9,1,507426
2013-09-22,2013,09,22,2013-09-22,66.3,63.4,1007.0,8.8,15.0,29.9,72.0,60.1,0.24,999.9,0,457166
2013-08-28,2013,08,28,2013-08-28,66.4,64.6,1012.0,3.9,9.9,999.9,72.0,62.6,0.67,999.9,1,444727
2013-06-09,2013,06,09,2013-06-09,63.6,57.2,1019.3,6.9,13.0,999.9,72.0,53.1,0.01,999.9,1,441053
2013-09-10,2013,09,10,2013-09-10,65.5,57.5,1022.0,10.0,18.1,22.9,72.0,50.0,0.0,999.9,0,483385
2013-07-17,2013,07,17,2013-07-17,72.9,65.8,1020.8,9.9,8.9,999.9,84.0,66.9,0.0,999.9,0,496511
2013-07-18,2013,07,18,2013-07-18,75.6,69.6,1016.6,8.1,14.0,999.9,88.0,68.0,0.0,999.9,0,513766
2013-07-02,2013,07,02,2013-07-02,67.7,65.5,1022.2,4.0,13.0,18.1,73.0,64.9,0.04,999.9,1,442300
2013-10-08,2013,10,08,2013-10-08,61.5,51.6,1019.7,8.7,18.1,24.1,73.0,52.0,0.47,999.9,0,459784
2013-10-07,2013,10,07,2013-10-07,65.7,62.3,1017.4,8.5,15.0,20.0,73.0,53.1,0.0,999.9,0,426030
2013-08-15,2013,08,15,2013-08-15,67.2,52.7,1016.9,10.0,15.0,21.0,73.0,62.1,0.0,999.9,0,473544
2013-08-14,2013,08,14,2013-08-14,68.4,59.6,1007.5,8.3,19.0,24.1,73.0,64.0,0.5,999.9,0,457843
2013-08-16,2013,08,16,2013-08-16,67.4,59.7,1021.2,10.0,12.0,999.9,73.0,62.1,0.0,999.9,0,449766
2013-07-30,2013,07,30,2013-07-30,71.2,64.3,1018.0,7.8,11.1,999.9,77.0,66.2,0.01,999.9,1,443487
2013-07-10,2013,07,10,2013-07-10,71.1,69.7,1015.5,1.9,12.0,999.9,77.0,69.1,0.0,999.9,1,474780
2013-07-21,2013,07,21,2013-07-21,72.8,69.1,1012.6,6.6,12.0,999.9,77.0,66.9,0.04,999.9,0,414532
2013-08-24,2013,08,24,2013-08-24,66.2,55.2,1022.3,10.0,19.0,24.1,77.0,55.9,0.0,999.9,0,448491
2013-08-23,2013,08,23,2013-08-23,70.6,65.0,1013.1,7.8,22.9,28.0,77.0,63.0,0.0,999.9,0,464484
2013-07-05,2013,07,05,2013-07-05,71.6,68.2,1021.6,6.8,17.1,22.0,77.0,68.0,0.03,999.9,1,353054
2013-06-26,2013,06,26,2013-06-26,69.5,64.6,1008.6,6.1,15.9,26.0,81.0,64.0,0.0,999.9,1,487692
2013-03-18,2013,03,18,2013-03-18,32.1,15.5,1027.6,10.0,15.9,20.0,37.0,26.1,0.0,999.9,0,458062
2013-02-17,2013,02,17,2013-02-17,30.9,25.6,998.1,4.2,34.0,49.9,39.0,23.0,0.01,999.9,1,506209
2013-03-22,2013,03,22,2013-03-22,34.3,27.6,1003.8,6.8,19.0,26.0,39.0,30.0,0.23,999.9,0,548247
2013-03-15,2013,03,15,2013-03-15,31.2,13.7,1009.1,10.0,24.1,36.9,39.0,25.0,0.0,999.9,0,559360
2013-12-08,2013,12,08,2013-12-08,34.0,19.4,1032.4,10.0,15.0,20.0,41.0,30.9,0.28,999.9,0,488180
2013-03-16,2013,03,16,2013-03-16,37.1,22.0,1008.1,10.0,19.0,25.1,41.0,34.0,0.0,999.9,0,574056
2013-02-13,2013,02,13,2013-02-13,36.1,25.2,1010.6,10.0,15.0,999.9,41.0,26.1,0.0,999.9,0,524250
2013-02-23,2013,02,23,2013-02-23,36.3,29.8,1022.9,9.7,15.0,999.9,41.0,30.9,0.0,999.9,0,584812
2013-01-17,2013,01,17,2013-01-17,39.4,34.6,1014.2,8.6,14.0,20.0,41.0,37.0,0.47,999.9,1,512533
2013-03-08,2013,03,08,2013-03-08,37.4,35.2,1008.1,3.3,35.0,45.1,41.0,36.0,1.58,999.9,0,545587
2013-03-07,2013,03,07,2013-03-07,38.3,35.2,1008.2,4.1,39.0,55.0,41.0,33.8,0.8,999.9,0,538316
2013-12-17,2013,12,17,2013-12-17,28.6,15.9,1021.4,9.0,18.1,25.1,41.0,21.0,0.0,999.9,0,481726
2013-01-04,2013,01,04,2013-01-04,32.2,21.1,1015.2,10.0,22.0,29.9,41.0,24.1,0.0,999.9,0,478437
2013-01-01,2013,01,01,2013-01-01,38.0,25.6,1008.8,10.0,21.0,28.0,41.0,33.1,0.0,999.9,0,412630
2013-03-10,2013,03,10,2013-03-10,39.0,31.7,1026.9,10.0,19.0,25.1,43.0,36.0,0.0,999.9,0,468337
2013-03-05,2013,03,05,2013-03-05,38.5,29.8,1009.5,9.9,21.0,27.0,43.0,35.1,0.0,999.9,0,493815
2013-02-14,2013,02,14,2013-02-14,36.6,29.3,1010.5,8.4,15.9,21.0,43.0,28.0,0.11,999.9,0,527476
2013-02-25,2013,02,25,2013-02-25,37.5,30.4,1015.7,8.3,17.1,24.1,43.0,33.8,0.75,999.9,0,451955
2013-03-01,2013,03,01,2013-03-01,39.3,34.2,1000.8,9.4,20.0,24.1,43.0,37.0,0.08,999.9,0,564492
2013-12-27,2013,12,27,2013-12-27,33.1,22.7,1023.9,10.0,15.9,22.0,43.0,23.0,0.22,999.9,0,381837
2013-12-26,2013,12,26,2013-12-26,33.3,26.8,1029.1,9.3,15.0,22.0,43.0,21.0,0.0,999.9,0,321895
2013-03-06,2013,03,06,2013-03-06,39.1,34.2,1014.7,9.4,26.0,39.0,43.0,32.0,0.02,999.9,0,518309
2013-03-04,2013,03,04,2013-03-04,37.0,26.4,1002.1,10.0,17.1,25.1,43.0,32.0,0.0,999.9,0,466591
2013-12-24,2013,12,24,2013-12-24,38.4,34.9,1017.1,8.8,20.0,26.0,43.0,33.8,0.5,999.9,0,369596
2013-12-18,2013,12,18,2013-12-18,35.4,30.1,1011.3,8.7,24.1,32.1,45.0,21.0,0.15,999.9,0,488390
2013-03-21,2013,03,21,2013-03-21,38.3,29.9,1006.7,9.8,21.0,27.0,45.0,28.0,0.0,999.9,0,505003
2013-03-23,2013,03,23,2013-03-23,38.5,21.7,1006.3,10.0,22.9,39.0,45.0,32.0,0.02,999.9,0,553332
2013-01-16,2013,01,16,2013-01-16,41.6,40.0,1018.3,7.0,21.0,27.0,45.0,39.2,0.35,999.9,0,500065
2013-04-04,2013,04,04,2013-04-04,39.0,18.8,1023.2,10.0,19.0,28.0,45.0,34.0,0.0,999.9,0,532590
2013-01-21,2013,01,21,2013-01-21,31.2,16.0,1015.5,9.2,20.0,26.0,45.0,27.0,0.0,999.9,0,384614
2013-04-06,2013,04,06,2013-04-06,40.2,22.0,1018.3,10.0,20.0,28.9,45.0,35.1,0.33,999.9,0,533177
2013-03-24,2013,03,24,2013-03-24,39.1,23.3,1008.5,10.0,15.0,22.0,45.0,34.0,0.0,999.9,0,468001
2013-03-11,2013,03,11,2013-03-11,39.9,34.7,1026.1,10.0,11.1,999.9,45.0,36.0,0.0,999.9,0,451483
2013-12-04,2013,12,04,2013-12-04,39.8,31.7,1017.2,9.8,11.1,999.9,45.0,30.9,0.0,999.9,0,471838
2013-02-26,2013,02,26,2013-02-26,35.0,26.7,1025.2,10.0,11.1,15.9,45.0,27.0,0.02,999.9,0,496612
2013-02-12,2013,02,12,2013-02-12,41.4,36.6,1006.1,6.5,18.1,27.0,45.0,36.0,0.36,999.9,1,503963
2013-11-04,2013,11,04,2013-11-04,42.0,26.0,1032.0,10.0,20.0,25.1,55.0,39.0,0.0,999.9,0,448323
2013-11-12,2013,11,12,2013-11-12,45.7,36.8,1015.0,8.5,22.9,28.9,55.0,32.0,0.0,999.9,0,473987
2013-11-06,2013,11,06,2013-11-06,46.5,41.4,1030.4,10.0,8.9,999.9,57.0,36.0,0.0,999.9,0,483207
2013-05-13,2013,05,13,2013-05-13,53.1,37.1,1013.5,9.9,18.1,22.0,57.0,46.0,0.07,999.9,0,460124
2013-04-28,2013,04,28,2013-04-28,48.0,38.5,1027.1,9.8,8.0,999.9,57.0,37.0,0.0,999.9,0,467900
2013-05-26,2013,05,26,2013-05-26,50.2,41.8,1010.9,9.3,19.0,28.0,57.0,44.6,0.54,999.9,0,384516
2013-10-24,2013,10,24,2013-10-24,48.4,34.5,1007.5,9.9,15.9,27.0,57.0,43.0,0.36,999.9,0,513937
2013-11-27,2013,11,27,2013-11-27,53.3,51.9,1009.8,5.2,32.1,42.9,59.0,46.0,0.15,999.9,0,447133
2013-05-15,2013,05,15,2013-05-15,53.1,44.5,1016.5,10.0,21.0,28.0,59.0,48.0,0.16,999.9,0,508359
2013-04-19,2013,04,19,2013-04-19,52.6,49.4,1018.1,4.6,19.0,29.9,59.0,46.0,0.0,999.9,1,544060
2013-06-07,2013,06,07,2013-06-07,56.1,53.2,1016.3,7.7,18.1,26.0,59.0,54.0,0.0,999.9,0,532092
2013-05-12,2013,05,12,2013-05-12,56.2,53.1,1005.6,3.3,17.1,22.9,59.0,54.0,1.62,999.9,1,461193
2013-04-29,2013,04,29,2013-04-29,49.7,37.9,1025.5,9.9,8.9,999.9,59.0,39.9,0.0,999.9,0,459114
2013-05-25,2013,05,25,2013-05-25,55.6,52.3,1005.9,4.6,15.0,18.1,61.0,51.8,1.03,999.9,1,453460
2013-05-21,2013,05,21,2013-05-21,58.0,55.5,1014.3,0.3,14.0,999.9,61.0,55.4,0.24,999.9,1,499524
2013-09-24,2013,09,24,2013-09-24,54.5,42.7,1013.0,10.0,13.0,19.0,61.0,46.0,0.0,999.9,0,435121
2013-05-29,2013,05,29,2013-05-29,57.9,54.7,1021.0,4.9,19.0,26.0,61.0,55.4,0.51,999.9,0,479913
2013-05-06,2013,05,06,2013-05-06,49.2,43.4,1024.3,5.1,8.9,999.9,61.0,44.1,0.0,999.9,1,468128
2013-04-26,2013,04,26,2013-04-26,49.5,37.8,1026.9,9.5,12.0,999.9,61.0,37.9,0.06,999.9,0,539015
2013-10-15,2013,10,15,2013-10-15,53.9,47.3,1023.8,10.0,12.0,999.9,63.0,41.0,0.01,999.9,0,430354
2013-04-30,2013,04,30,2013-04-30,51.0,30.2,1026.2,10.0,11.1,999.9,63.0,39.9,0.0,999.9,0,480499
2013-06-03,2013,06,03,2013-06-03,60.8,59.8,1012.0,2.0,19.0,27.0,63.0,59.0,0.21,999.9,1,452843
2013-10-17,2013,10,17,2013-10-17,59.4,57.4,1011.5,7.9,11.1,999.9,63.0,55.0,0.01,999.9,0,506341
2013-05-28,2013,05,28,2013-05-28,56.6,49.6,1023.2,9.9,11.1,999.9,63.0,46.9,0.0,999.9,0,445789
2013-05-19,2013,05,19,2013-05-19,56.3,49.4,1027.4,9.3,12.0,999.9,63.0,46.9,0.0,999.9,0,489710
2013-10-16,2013,10,16,2013-10-16,57.5,55.4,1017.7,6.2,14.0,999.9,63.0,44.1,0.01,999.9,0,477305
2013-04-09,2013,04,09,2013-04-09,49.4,43.4,1015.9,6.7,20.0,28.0,63.0,39.9,0.0,999.9,1,477161
2013-06-18,2013,06,18,2013-06-18,60.9,58.6,1012.9,3.1,12.0,22.9,66.0,57.2,0.07,999.9,1,467426
2013-05-10,2013,05,10,2013-05-10,56.1,51.0,1014.8,5.7,13.0,999.9,66.0,51.1,0.0,999.9,1,538311
2013-06-02,2013,06,02,2013-06-02,61.8,58.6,1013.6,4.6,18.1,26.0,66.0,57.9,0.0,999.9,1,451758
2013-06-04,2013,06,04,2013-06-04,61.8,51.0,1012.5,7.5,15.0,999.9,66.0,57.2,0.34,999.9,1,477247
2013-06-06,2013,06,06,2013-06-06,58.6,51.0,1022.0,10.0,14.0,999.9,66.0,51.1,0.0,999.9,0,515390
2013-06-16,2013,06,16,2013-06-16,61.3,57.0,1013.5,8.9,15.0,22.0,66.0,57.0,0.01,999.9,0,421987
2013-11-01,2013,11,01,2013-11-01,62.3,59.7,1008.7,6.3,24.1,34.0,66.0,45.0,0.01,999.9,0,555745
2013-11-02,2013,11,02,2013-11-02,57.4,55.2,1003.8,6.4,15.0,21.0,66.0,53.1,0.14,999.9,1,550253
2013-06-13,2013,06,13,2013-06-13,60.8,52.4,1008.2,10.0,15.0,21.0,66.0,55.0,0.0,999.9,0,519795
2013-06-01,2013,06,01,2013-06-01,60.9,57.0,1016.7,7.0,15.0,999.9,66.0,57.0,0.0,999.9,0,533686
2013-10-01,2013,10,01,2013-10-01,62.1,51.8,1012.9,10.0,15.0,999.9,70.0,53.1,0.0,999.9,0,452769
2013-09-16,2013,09,16,2013-09-16,62.4,54.8,1017.9,10.0,13.0,15.0,70.0,51.1,0.0,999.9,0,444748
2013-08-27,2013,08,27,2013-08-27,68.0,66.6,1011.8,4.5,14.0,999.9,70.0,64.4,0.39,999.9,1,422802
2013-09-17,2013,09,17,2013-09-17,56.1,43.1,1024.7,10.0,22.9,29.9,70.0,51.1,0.02,999.9,0,468093
2013-08-30,2013,08,30,2013-08-30,65.0,59.2,1014.8,9.9,17.1,21.0,70.0,59.0,0.0,999.9,0,456824
2013-06-23,2013,06,23,2013-06-23,64.9,60.9,1021.8,9.8,14.0,999.9,70.0,61.0,0.01,999.9,0,436668
2013-07-24,2013,07,24,2013-07-24,74.9,71.6,1006.7,5.7,13.0,20.0,82.0,70.0,0.6,999.9,1,476404
2013-07-07,2013,07,07,2013-07-07,74.4,69.8,1016.3,9.0,14.0,19.0,82.0,69.1,0.01,999.9,0,358766
2013-08-09,2013,08,09,2013-08-09,70.7,68.8,1016.9,9.3,21.0,27.0,75.0,61.0,0.03,999.9,0,489301
2013-08-08,2013,08,08,2013-08-08,67.8,64.0,1020.1,10.0,9.9,999.9,75.0,54.0,0.0,999.9,0,437140
2013-07-25,2013,07,25,2013-07-25,67.7,62.8,1014.3,9.7,19.0,27.0,75.0,64.0,0.4,999.9,0,487993
2013-08-26,2013,08,26,2013-08-26,68.3,64.1,1020.1,10.0,19.0,22.0,75.0,50.0,0.0,999.9,0,394409
2013-08-31,2013,08,31,2013-08-31,69.4,67.0,1011.9,7.0,13.0,999.9,75.0,59.0,0.0,999.9,0,434550
2013-07-04,2013,07,04,2013-07-04,69.8,68.0,1023.5,1.8,15.0,21.0,75.0,68.0,0.02,999.9,1,326471
2013-09-13,2013,09,13,2013-09-13,69.1,67.0,1004.5,6.1,15.0,19.0,75.0,66.9,0.01,999.9,1,523280
2013-09-12,2013,09,12,2013-09-12,70.2,67.6,1013.7,5.3,15.9,20.0,75.0,66.9,0.0,999.9,0,503526
2013-08-12,2013,08,12,2013-08-12,68.2,63.2,1016.8,10.0,11.1,999.9,75.0,60.1,0.0,999.9,0,399261
2013-08-25,2013,08,25,2013-08-25,64.0,54.6,1026.6,10.0,12.0,999.9,75.0,50.0,0.0,999.9,0,400758
2013-07-06,2013,07,06,2013-07-06,73.0,69.2,1018.5,8.1,15.9,22.9,79.0,68.0,0.01,999.9,0,355218
2013-08-21,2013,08,21,2013-08-21,70.3,66.7,1020.1,7.1,9.9,999.9,79.0,64.0,0.0,999.9,1,454080
2013-07-14,2013,07,14,2013-07-14,72.9,70.5,1025.1,4.5,14.0,999.9,79.0,66.0,0.01,999.9,1,435797
2013-08-22,2013,08,22,2013-08-22,70.5,68.9,1016.9,3.9,14.0,999.9,79.0,64.0,0.01,999.9,1,471247
2013-04-23,2013,04,23,2013-04-23,44.6,40.0,1026.9,5.1,22.0,28.9,46.4,42.1,0.11,999.9,0,498802
2013-01-12,2013,01,12,2013-01-12,42.7,41.5,1022.6,7.1,13.0,20.0,46.4,39.2,0.17,999.9,0,507429
2013-02-20,2013,02,20,2013-02-20,38.7,28.9,1004.5,8.5,27.0,35.9,46.9,30.9,0.65,999.9,0,512507
2013-03-25,2013,03,25,2013-03-25,38.1,29.8,1003.3,10.0,20.0,28.0,46.9,32.0,0.0,999.9,0,438928
2013-02-27,2013,02,27,2013-02-27,44.1,41.0,1014.7,5.9,29.9,40.0,46.9,39.0,0.24,999.9,1,509033
2013-03-26,2013,03,26,2013-03-26,39.8,28.7,1002.7,9.7,24.1,34.0,46.9,35.1,0.05,999.9,0,460401
2013-02-28,2013,02,28,2013-02-28,41.4,38.9,1002.1,7.2,14.0,999.9,46.9,39.0,0.32,999.9,1,524890
2013-01-19,2013,01,19,2013-01-19,35.9,26.6,1026.4,9.2,24.1,32.1,46.9,16.0,0.0,999.9,0,510530
2013-03-19,2013,03,19,2013-03-19,39.6,35.5,1012.4,4.6,22.9,33.0,46.9,33.1,0.41,999.9,1,477028
2013-01-13,2013,01,13,2013-01-13,45.4,44.9,1020.7,4.3,9.9,999.9,46.9,44.1,0.01,999.9,1,442541
2013-02-15,2013,02,15,2013-02-15,38.6,33.2,1017.0,9.8,11.1,999.9,46.9,28.0,0.0,999.9,0,537129
2013-02-24,2013,02,24,2013-02-24,42.6,40.7,1004.7,4.3,24.1,38.1,46.9,37.9,1.07,999.9,0,474783
2013-01-15,2013,01,15,2013-01-15,42.3,38.3,1023.1,9.5,15.0,999.9,48.9,39.0,0.24,999.9,0,496899
2013-04-21,2013,04,21,2013-04-21,45.1,28.5,1029.4,10.0,15.9,22.0,48.9,39.0,0.24,999.9,0,483324
2013-03-31,2013,03,31,2013-03-31,43.0,38.1,1019.2,10.0,13.0,999.9,48.9,33.1,0.0,999.9,0,447157
2013-06-28,2013,06,28,2013-06-28,66.1,64.8,1004.7,2.1,26.0,33.0,69.8,64.0,0.85,999.9,1,506807
2013-07-26,2013,07,26,2013-07-26,66.1,64.4,1012.2,6.0,22.0,28.9,69.8,64.0,2.43,999.9,0,483652
2013-11-13,2013,11,13,2013-11-13,33.5,20.7,1022.1,10.0,15.9,25.1,37.4,30.0,0.06,999.9,0,492095
2013-02-09,2013,02,09,2013-02-09,29.2,25.8,997.4,1.2,49.0,63.9,37.4,23.0,1.64,999.9,1,392006
2013-01-29,2013,01,29,2013-01-29,35.4,34.9,1019.0,2.6,9.9,999.9,37.4,33.1,0.08,999.9,1,477380
2013-07-23,2013,07,23,2013-07-23,72.1,70.0,1007.1,3.7,14.0,19.0,78.8,66.2,0.0,999.9,1,465257
2013-11-30,2013,11,30,2013-11-30,31.3,15.4,1038.9,10.0,12.0,999.9,37.9,25.0,0.0,999.9,0,433028
2013-02-08,2013,02,08,2013-02-08,34.3,28.5,1026.0,7.3,36.9,51.1,37.9,26.1,0.0,999.9,0,432643
2013-02-01,2013,02,01,2013-02-01,33.1,15.5,1007.0,10.0,27.0,38.1,39.9,30.0,0.23,999.9,0,567076
2013-12-25,2013,12,25,2013-12-25,26.2,13.9,1026.6,9.7,18.1,25.1,39.9,21.0,0.06,999.9,0,245723
2013-03-03,2013,03,03,2013-03-03,37.4,29.3,1002.6,10.0,11.1,999.9,39.9,36.0,0.0,999.9,0,493312
2013-03-17,2013,03,17,2013-03-17,34.8,21.5,1014.7,9.9,14.0,20.0,39.9,28.0,0.0,999.9,0,493734
2013-02-22,2013,02,22,2013-02-22,35.4,25.4,1022.3,9.8,21.0,28.9,39.9,30.9,0.0,999.9,1,558738
2013-01-18,2013,01,18,2013-01-18,28.1,16.6,1023.2,7.5,24.1,32.1,39.9,15.1,0.01,999.9,1,543734
2013-12-23,2013,12,23,2013-12-23,48.7,47.5,1015.7,3.5,14.0,21.0,55.9,39.9,0.0,999.9,1,385241
2013-05-14,2013,05,14,2013-05-14,51.0,35.3,1015.8,9.8,18.1,29.9,55.9,42.8,0.0,999.9,0,490347
2013-12-06,2013,12,06,2013-12-06,50.6,49.7,1015.2,3.0,14.0,19.0,55.9,33.1,0.0,999.9,1,530748
2013-12-07,2013,12,07,2013-12-07,39.7,34.5,1021.6,7.8,19.0,25.1,55.9,37.0,0.51,999.9,0,552655
2013-11-17,2013,11,17,2013-11-17,48.9,45.9,1024.9,6.8,13.0,999.9,55.9,37.4,0.0,999.9,1,464838
2013-05-05,2013,05,05,2013-05-05,47.8,39.9,1025.3,9.7,15.0,20.0,55.9,42.1,0.0,999.9,0,488396
2013-04-25,2013,04,25,2013-04-25,50.8,45.1,1017.9,7.2,15.0,20.0,55.9,45.0,0.01,999.9,0,518574
2013-04-14,2013,04,14,2013-04-14,46.1,38.4,1015.5,9.6,13.0,999.9,55.9,39.0,0.09,999.9,0,485706
2013-04-27,2013,04,27,2013-04-27,46.6,34.7,1029.1,8.6,8.0,999.9,55.9,35.1,0.0,999.9,1,538317
2013-12-22,2013,12,22,2013-12-22,51.9,51.2,1014.6,2.1,22.9,29.9,55.9,44.1,0.01,999.9,1,403373
2013-10-30,2013,10,30,2013-10-30,46.8,38.6,1025.8,10.0,11.1,999.9,57.9,34.0,0.0,999.9,0,481728
2013-11-15,2013,11,15,2013-11-15,53.0,39.1,1022.7,10.0,17.1,20.0,57.9,48.9,0.0,999.9,0,514297
2013-10-29,2013,10,29,2013-10-29,47.5,34.1,1027.6,10.0,15.0,20.0,57.9,36.0,0.0,999.9,0,463945
2013-11-16,2013,11,16,2013-11-16,51.2,43.6,1025.0,9.6,9.9,999.9,57.9,46.9,0.0,999.9,0,538546
2013-10-26,2013,10,26,2013-10-26,49.0,32.9,1020.1,10.0,25.1,34.0,57.9,32.0,0.0,999.9,0,536130
2013-10-28,2013,10,28,2013-10-28,50.7,33.0,1020.4,10.0,21.0,27.0,57.9,36.0,0.0,999.9,0,432200
2013-10-27,2013,10,27,2013-10-27,54.3,38.7,1012.5,10.0,26.0,35.9,57.9,50.0,0.01,999.9,0,468421
2013-08-11,2013,08,11,2013-08-11,69.5,56.7,1017.0,10.0,11.1,999.9,80.1,60.1,0.0,999.9,0,195405
2013-08-10,2013,08,10,2013-08-10,72.4,66.5,1012.3,6.4,15.0,21.0,80.1,68.0,0.06,999.9,1,445037
2013-07-20,2013,07,20,2013-07-20,74.5,71.7,1008.8,3.3,15.9,20.0,80.1,71.1,0.0,999.9,0,485994
2013-07-09,2013,07,09,2013-07-09,72.7,69.3,1018.0,5.7,13.0,999.9,80.1,69.1,0.0,999.9,1,458674
2013-07-19,2013,07,19,2013-07-19,73.9,71.4,1013.4,2.8,15.9,22.0,80.1,69.1,0.0,999.9,1,515946
2013-09-23,2013,09,23,2013-09-23,57.5,44.9,1011.2,10.0,15.0,22.0,69.1,48.9,0.0,999.9,0,411837
2013-06-19,2013,06,19,2013-06-19,62.6,54.4,1014.3,8.4,21.0,28.0,69.1,57.9,0.06,999.9,0,489915
2013-06-30,2013,06,30,2013-06-30,65.4,64.2,1012.1,1.9,14.0,999.9,69.1,64.0,0.05,999.9,1,417927
2013-09-19,2013,09,19,2013-09-19,62.4,54.6,1020.3,10.0,15.0,19.0,69.1,43.0,0.0,999.9,0,504010
2013-05-31,2013,05,31,2013-05-31,62.0,56.8,1018.5,6.7,13.0,999.9,69.1,57.0,0.02,999.9,0,525606
2013-06-20,2013,06,20,2013-06-20,60.6,53.1,1023.9,9.6,12.0,999.9,69.1,52.0,0.1,999.9,0,499545
2013-09-18,2013,09,18,2013-09-18,56.1,42.7,1025.2,10.0,11.1,999.9,69.1,43.0,0.0,999.9,0,484596
2013-06-29,2013,06,29,2013-06-29,66.2,64.9,1004.0,1.4,19.0,24.1,69.1,64.4,0.26,999.9,1,490613
2013-09-29,2013,09,29,2013-09-29,54.9,50.1,1022.8,10.0,13.0,999.9,69.1,45.0,0.01,999.9,0,457888
2013-08-29,2013,08,29,2013-08-29,65.7,63.7,1014.4,5.8,17.1,21.0,69.1,62.6,0.0,999.9,1,455453
2013-09-28,2013,09,28,2013-09-28,59.2,50.1,1024.6,10.0,11.1,999.9,69.1,50.0,0.0,999.9,0,526082
2013-06-27,2013,06,27,2013-06-27,65.5,64.0,1010.0,3.1,13.0,999.9,69.1,62.1,0.0,999.9,1,504877
2013-05-01,2013,05,01,2013-05-01,49.9,41.4,1030.2,7.4,9.9,999.9,60.8,39.9,0.0,999.9,1,496654
2013-11-18,2013,11,18,2013-11-18,55.9,53.7,1006.1,5.0,24.1,35.0,60.8,51.1,0.23,999.9,1,425004
2013-07-22,2013,07,22,2013-07-22,68.3,65.9,1015.1,5.6,8.0,999.9,78.1,64.0,0.17,999.9,1,440457
2013-07-31,2013,07,31,2013-07-31,70.6,62.6,1019.3,10.0,8.9,999.9,78.1,64.9,0.0,999.9,0,459413
2013-06-25,2013,06,25,2013-06-25,69.7,63.8,1012.8,8.4,14.0,999.9,78.1,64.0,0.0,999.9,0,470671
2013-08-01,2013,08,01,2013-08-01,68.9,64.7,1016.5,9.8,9.9,999.9,78.1,63.0,0.01,999.9,0,307260
2013-08-20,2013,08,20,2013-08-20,71.0,64.7,1017.3,9.5,11.1,999.9,78.1,57.0,0.01,999.9,0,432545
2013-07-08,2013,07,08,2013-07-08,72.6,68.9,1015.5,6.7,17.1,24.1,78.1,68.0,0.0,999.9,1,413838
2013-06-12,2013,06,12,2013-06-12,64.0,55.9,1003.4,8.1,19.0,27.0,71.1,59.0,0.03,999.9,0,486639
2013-06-22,2013,06,22,2013-06-22,63.4,58.5,1024.6,10.0,12.0,999.9,71.1,59.0,0.0,999.9,0,474408
2013-09-20,2013,09,20,2013-09-20,62.6,58.5,1018.4,9.5,8.9,999.9,71.1,53.6,0.01,999.9,0,523123
2013-09-07,2013,09,07,2013-09-07,63.6,50.4,1017.9,10.0,17.1,22.0,71.1,52.0,0.0,999.9,0,511269
2013-10-04,2013,10,04,2013-10-04,62.8,57.5,1017.7,9.3,8.9,999.9,71.1,53.6,0.01,999.9,1,520937
2013-07-16,2013,07,16,2013-07-16,77.4,68.4,1019.6,8.3,14.0,999.9,87.1,69.1,0.0,999.9,0,466846
2013-01-24,2013,01,24,2013-01-24,14.3,-1.9,1018.7,10.0,22.9,29.9,19.9,10.0,0.0,999.9,0,533039
2013-01-23,2013,01,23,2013-01-23,16.2,-1.1,1018.6,10.0,21.0,28.9,21.9,12.9,0.01,999.9,0,520520
2013-01-03,2013,01,03,2013-01-03,21.8,7.8,1018.1,10.0,18.1,24.1,28.9,16.0,0.0,999.9,0,441233
2013-01-27,2013,01,27,2013-01-27,21.7,4.7,1025.6,10.0,22.9,35.0,28.9,17.1,0.0,999.9,0,470833
2013-02-04,2013,02,04,2013-02-04,29.0,16.9,1008.3,8.8,20.0,28.0,30.9,26.6,0.0,999.9,0,457093
2013-12-15,2013,12,15,2013-12-15,40.0,37.1,1004.5,5.8,26.0,36.9,51.8,32.0,0.87,999.9,0,458267
2013-04-12,2013,04,12,2013-04-12,43.6,35.7,1018.6,7.7,26.0,35.9,51.8,39.2,0.01,999.9,0,564860
2013-01-14,2013,01,14,2013-01-14,47.2,47.1,1017.5,1.3,15.9,21.0,51.8,44.6,0.0,999.9,1,443650
2013-12-09,2013,12,09,2013-12-09,40.8,36.3,1023.6,6.8,21.0,34.0,51.8,33.1,0.13,999.9,0,452108
2013-01-25,2013,01,25,2013-01-25,19.0,3.3,1023.1,10.0,21.0,32.1,26.1,14.0,0.0,999.9,0,537188
2013-01-30,2013,01,30,2013-01-30,45.1,44.0,1013.9,4.4,19.0,25.1,48.2,37.0,0.03,999.9,1,482378
2013-06-11,2013,06,11,2013-06-11,60.8,59.5,1008.7,1.8,17.1,24.1,64.4,55.9,1.36,999.9,1,473608
2013-05-16,2013,05,16,2013-05-16,57.7,50.1,1006.9,7.1,20.0,28.0,64.9,53.1,0.02,999.9,0,528160
2013-10-12,2013,10,12,2013-10-12,58.6,53.4,1021.7,10.0,22.0,31.1,64.9,54.0,0.0,999.9,0,524068
2013-10-11,2013,10,11,2013-10-11,60.6,56.6,1018.4,10.0,19.0,26.0,64.9,55.0,0.0,999.9,0,516171
2013-10-09,2013,10,09,2013-10-09,56.4,44.3,1027.9,10.0,22.0,26.0,64.9,51.1,0.03,999.9,0,484883
2013-06-08,2013,06,08,2013-06-08,62.3,59.6,1009.3,4.8,25.1,35.0,64.9,57.0,0.94,999.9,1,489509
2013-10-06,2013,10,06,2013-10-06,59.1,54.8,1021.1,6.9,14.0,22.0,64.9,53.1,0.0,999.9,1,457691
2013-10-10,2013,10,10,2013-10-10,58.4,52.6,1024.3,10.0,15.0,22.0,64.9,54.0,0.0,999.9,0,507456
2013-08-13,2013,08,13,2013-08-13,67.8,66.7,1011.1,4.6,17.1,999.9,73.9,64.0,0.0,999.9,1,449946
2013-09-04,2013,09,04,2013-09-04,68.5,61.9,1011.4,8.9,15.0,20.0,73.9,63.0,0.06,999.9,0,453983
2013-09-14,2013,09,14,2013-09-14,64.5,57.6,1010.4,10.0,13.0,19.0,73.9,60.1,0.13,999.9,0,518170
2013-08-19,2013,08,19,2013-08-19,65.5,60.8,1017.5,9.5,13.0,999.9,73.9,57.0,0.39,999.9,0,397350
2013-06-24,2013,06,24,2013-06-24,66.8,64.5,1016.0,2.8,15.9,22.0,73.9,64.0,0.0,999.9,1,437610
2013-07-29,2013,07,29,2013-07-29,69.2,67.1,1017.1,6.5,9.9,999.9,73.9,64.0,0.02,999.9,0,409210
2013-08-07,2013,08,07,2013-08-07,64.5,55.9,1022.0,9.9,9.9,999.9,73.9,54.0,0.0,999.9,0,465632
2013-08-06,2013,08,06,2013-08-06,66.2,54.5,1019.1,10.0,8.9,999.9,73.9,55.9,0.0,999.9,0,448250
2013-10-02,2013,10,02,2013-10-02,64.8,58.1,1012.1,9.3,17.1,19.0,73.9,53.1,0.01,999.9,1,475182
2013-07-27,2013,07,27,2013-07-27,69.1,66.1,1018.0,9.6,15.0,18.1,73.9,64.9,0.26,999.9,0,457849
2013-09-11,2013,09,11,2013-09-11,69.9,66.8,1019.3,6.8,13.0,19.0,73.9,61.0,0.0,999.9,0,501093
2013-02-06,2013,02,06,2013-02-06,34.8,30.4,1014.9,9.0,13.0,17.1,39.2,32.0,0.02,999.9,0,506443
2013-04-20,2013,04,20,2013-04-20,52.7,49.6,1012.4,3.6,25.1,39.0,57.2,46.9,0.62,999.9,1,570929
2013-05-07,2013,05,07,2013-05-07,54.4,49.9,1021.9,4.4,8.0,999.9,66.9,46.0,0.0,999.9,1,490805
2013-10-22,2013,10,22,2013-10-22,59.1,52.4,1012.5,10.0,8.9,999.9,66.9,39.9,0.0,999.9,0,466786
2013-09-30,2013,09,30,2013-09-30,59.5,54.3,1016.9,9.8,19.0,22.9,66.9,45.0,0.01,999.9,0,424431
2013-05-23,2013,05,23,2013-05-23,61.5,57.6,1015.1,3.0,18.1,24.1,66.9,57.0,0.0,999.9,1,492055
2013-10-23,2013,10,23,2013-10-23,52.5,44.6,1005.8,9.8,12.0,999.9,66.9,48.0,0.0,999.9,0,495387
2013-05-30,2013,05,30,2013-05-30,60.9,56.2,1018.8,6.1,15.0,20.0,66.9,57.2,0.26,999.9,0,510309
2013-07-15,2013,07,15,2013-07-15,76.3,71.2,1021.6,9.3,9.9,999.9,82.9,69.1,0.0,999.9,0,443449
2013-09-06,2013,09,06,2013-09-06,60.3,47.8,1021.1,10.0,12.0,999.9,75.9,52.0,0.0,999.9,0,508640
2013-09-09,2013,09,09,2013-09-09,59.8,42.5,1021.4,10.0,15.9,22.0,75.9,50.0,0.0,999.9,0,451162
2013-08-02,2013,08,02,2013-08-02,69.7,66.0,1011.1,9.5,15.0,20.0,75.9,63.0,0.03,999.9,0,236748
2013-08-17,2013,08,17,2013-08-17,67.3,59.8,1023.8,10.0,8.0,999.9,75.9,55.9,0.0,999.9,0,438088
2013-08-04,2013,08,04,2013-08-04,69.4,61.9,1009.8,9.0,12.0,19.0,75.9,60.1,0.25,999.9,0,202310
2013-08-18,2013,08,18,2013-08-18,64.8,58.4,1023.8,8.4,8.0,999.9,75.9,55.9,0.01,999.9,1,390925
2013-09-02,2013,09,02,2013-09-02,70.8,68.7,1010.3,7.0,11.1,999.9,75.9,68.0,0.0,999.9,1,332266
2013-10-03,2013,10,03,2013-10-03,65.8,56.3,1016.4,10.0,8.9,999.9,75.9,59.0,0.0,999.9,0,496807
2013-09-01,2013,09,01,2013-09-01,70.7,68.3,1012.4,7.5,13.0,999.9,75.9,66.9,0.0,999.9,0,384470
2013-07-11,2013,07,11,2013-07-11,71.8,69.7,1011.6,4.9,13.0,19.0,75.9,69.1,0.01,999.9,0,495023
2013-09-05,2013,09,05,2013-09-05,67.4,62.1,1013.8,10.0,17.1,22.0,75.9,61.0,0.0,999.9,0,467390
2013-07-13,2013,07,13,2013-07-13,67.9,66.3,1024.4,3.3,9.9,999.9,75.9,63.0,0.01,999.9,1,468743
2013-09-08,2013,09,08,2013-09-08,68.0,59.3,1010.5,10.0,19.0,26.0,75.9,57.0,0.0,999.9,0,462607
2013-08-05,2013,08,05,2013-08-05,68.1,54.5,1013.3,10.0,15.9,24.1,75.9,60.1,0.0,999.9,0,406380
2013-09-03,2013,09,03,2013-09-03,70.1,69.0,1008.1,2.0,11.1,999.9,75.9,66.0,0.05,999.9,1,422359
2013-08-03,2013,08,03,2013-08-03,69.3,66.1,1011.8,7.2,15.9,22.9,75.9,66.0,0.0,999.9,0,226553
2013-03-20,2013,03,20,2013-03-20,36.5,25.7,1007.3,10.0,25.1,32.1,42.1,32.0,0.35,999.9,0,493779
2013-01-07,2013,01,07,2013-01-07,35.9,31.0,1020.5,8.8,17.1,22.0,42.1,28.0,0.01,999.9,0,407363
2013-03-02,2013,03,02,2013-03-02,38.2,29.1,1004.0,10.0,14.0,15.0,42.1,36.0,0.0,999.9,0,584654
2013-01-05,2013,01,05,2013-01-05,37.3,24.5,1017.3,10.0,20.0,28.0,42.1,30.9,0.0,999.9,0,473804
2013-11-29,2013,11,29,2013-11-29,31.2,12.9,1033.0,10.0,14.0,17.1,42.1,26.1,0.0,999.9,0,373808
2013-03-09,2013,03,09,2013-03-09,39.2,31.7,1018.9,9.9,28.9,42.9,42.1,37.4,0.4,999.9,0,562200
2013-12-11,2013,12,11,2013-12-11,31.8,20.6,1020.3,9.9,18.1,29.9,42.1,28.0,0.19,999.9,0,485363
2013-01-11,2013,01,11,2013-01-11,38.0,31.4,1030.6,10.0,11.1,999.9,44.1,32.0,0.0,999.9,0,521398
2013-03-14,2013,03,14,2013-03-14,37.0,25.3,1007.7,9.7,18.1,26.0,44.1,30.0,0.49,999.9,0,552660
2013-02-16,2013,02,16,2013-02-16,39.2,35.8,1012.3,9.2,17.1,21.0,44.1,34.0,0.0,999.9,1,542291
2013-01-06,2013,01,06,2013-01-06,35.7,31.3,1019.7,9.8,15.0,20.0,44.1,23.0,0.01,999.9,0,403667
2013-11-11,2013,11,11,2013-11-11,47.1,30.4,1015.7,10.0,22.0,31.1,60.1,42.1,0.01,999.9,0,417822
2013-11-28,2013,11,28,2013-11-28,40.1,28.4,1014.2,9.4,24.1,35.9,60.1,30.0,1.86,999.9,0,331610
2013-06-14,2013,06,14,2013-06-14,55.0,50.7,1003.0,7.0,28.0,36.9,60.1,52.0,0.12,999.9,0,507938
2013-11-10,2013,11,10,2013-11-10,52.5,39.7,1013.4,10.0,26.0,35.9,60.1,37.9,0.0,999.9,0,473151
2013-04-17,2013,04,17,2013-04-17,52.1,42.7,1021.9,8.3,17.1,22.9,60.1,44.1,0.03,999.9,0,501840
2013-11-03,2013,11,03,2013-11-03,49.4,43.7,1013.0,8.8,24.1,28.9,60.1,42.1,0.05,999.9,0,482847
2013-11-19,2013,11,19,2013-11-19,47.0,29.2,1010.1,9.8,22.0,28.9,60.1,39.9,0.26,999.9,0,475478
2013-10-14,2013,10,14,2013-10-14,51.5,44.0,1027.0,10.0,8.9,999.9,62.1,41.0,0.0,999.9,0,403416
2013-10-31,2013,10,31,2013-10-31,54.8,50.9,1021.4,9.1,12.0,999.9,62.1,34.0,0.0,999.9,0,489417
2013-10-20,2013,10,20,2013-10-20,58.3,47.4,1010.3,10.0,15.9,21.0,62.1,46.9,0.05,999.9,0,473864
2013-05-11,2013,05,11,2013-05-11,56.2,53.1,1013.1,3.7,15.9,22.9,62.1,52.0,0.0,999.9,1,540132
2013-04-08,2013,04,08,2013-04-08,50.0,41.6,1018.1,9.1,13.0,999.9,62.1,42.1,0.0,999.9,0,440520
2013-05-20,2013,05,20,2013-05-20,57.5,54.5,1020.4,2.9,17.1,22.0,62.1,55.0,0.33,999.9,1,466778
2013-05-02,2013,05,02,2013-05-02,49.9,42.0,1030.3,9.5,14.0,20.0,62.1,37.9,0.0,999.9,0,523150
2013-05-09,2013,05,09,2013-05-09,57.2,53.6,1015.2,5.0,14.0,999.9,62.6,53.6,0.01,999.9,1,526752
2013-01-02,2013,01,02,2013-01-02,27.5,12.1,1013.4,10.0,15.9,25.1,33.1,21.9,0.0,999.9,0,393001
2013-12-16,2013,12,16,2013-12-16,32.0,15.5,1012.3,10.0,17.1,27.0,35.1,27.0,0.83,999.9,0,454088
2013-12-13,2013,12,13,2013-12-13,28.1,12.0,1019.3,9.9,24.1,31.1,35.1,19.9,0.0,999.9,0,543606
2013-12-14,2013,12,14,2013-12-14,26.9,15.8,1029.8,8.1,15.0,22.0,35.1,23.0,0.0,999.9,0,516303
2013-02-02,2013,02,02,2013-02-02,27.6,10.4,1020.9,10.0,19.0,26.0,35.1,21.9,0.0,999.9,0,569777
2013-02-07,2013,02,07,2013-02-07,29.4,13.4,1028.7,10.0,14.0,19.0,35.1,25.0,0.0,999.9,0,535105
2013-12-05,2013,12,05,2013-12-05,43.4,40.5,1021.5,8.3,13.0,20.0,51.1,30.0,0.0,999.9,1,498220
2013-04-01,2013,04,01,2013-04-01,47.0,42.9,1005.8,6.8,26.0,34.0,51.1,44.1,0.18,999.9,0,428997
2013-12-10,2013,12,10,2013-12-10,38.8,35.1,1012.4,6.7,17.1,25.1,51.1,33.1,0.2,999.9,1,478456
2013-11-09,2013,11,09,2013-11-09,41.7,22.4,1020.4,10.0,21.0,28.9,51.1,37.9,0.03,999.9,0,545002
2013-04-03,2013,04,03,2013-04-03,42.6,15.7,1015.8,10.0,25.1,34.0,51.1,33.8,0.0,999.9,0,513864
2013-04-02,2013,04,02,2013-04-02,39.6,18.8,1011.4,9.9,22.9,33.0,51.1,32.0,0.02,999.9,0,495549
2013-04-16,2013,04,16,2013-04-16,46.0,40.5,1028.7,10.0,15.9,999.9,53.1,37.9,0.0,999.9,0,481130
2013-05-03,2013,05,03,2013-05-03,46.9,39.7,1030.0,9.9,22.9,29.9,53.1,37.9,0.0,999.9,0,550959
2013-04-15,2013,04,15,2013-04-15,46.1,34.2,1026.0,10.0,11.1,999.9,53.1,39.0,0.0,999.9,0,461076
2013-04-13,2013,04,13,2013-04-13,44.4,39.7,1008.2,8.2,22.9,33.0,53.6,39.0,1.44,999.9,1,555218
2013-07-28,2013,07,28,2013-07-28,69.8,68.0,1015.8,5.7,12.0,22.9,75.2,66.2,0.12,999.9,1,415239
2014-01-24,2014,01,24,2014-01-24,14.8,-0.5,1022.4,10.0,15.9,22.9,23.0,9.0,0.0,999.9,0,509509
2014-01-29,2014,01,29,2014-01-29,20.3,10.4,1021.2,6.3,14.0,999.9,27.0,17.1,0.02,999.9,0,477984
2014-01-30,2014,01,30,2014-01-30,22.0,5.8,1027.2,10.0,15.9,24.1,27.0,12.9,0.01,999.9,0,495971
2014-02-28,2014,02,28,2014-02-28,20.3,0.3,1020.5,9.6,24.1,33.0,28.0,14.0,0.0,999.9,0,544363
2014-03-04,2014,03,04,2014-03-04,24.8,12.2,1025.5,10.0,12.0,999.9,30.0,21.0,0.0,999.9,0,499349
2014-02-12,2014,02,12,2014-02-12,23.7,10.0,1030.8,10.0,17.1,25.1,30.0,17.6,0.0,999.9,0,481968
2014-02-27,2014,02,27,2014-02-27,24.7,11.2,1008.1,8.6,15.9,26.0,32.0,14.0,0.0,999.9,0,512342
2014-02-11,2014,02,11,2014-02-11,24.0,6.4,1023.8,10.0,15.0,18.1,32.0,19.9,0.0,999.9,0,489373
2014-02-08,2014,02,08,2014-02-08,28.2,14.2,1023.9,10.0,12.0,19.0,32.0,21.9,0.0,999.9,0,549967
2014-01-01,2014,01,01,2014-01-01,28.2,10.4,1025.6,10.0,21.0,28.9,32.0,25.0,0.0,999.9,0,420810
2014-02-07,2014,02,07,2014-02-07,28.1,15.7,1023.2,10.0,14.0,19.0,32.0,24.1,0.0,999.9,0,512218
2014-02-17,2014,02,17,2014-02-17,24.3,8.9,1019.8,9.3,19.0,28.0,32.0,19.0,0.0,999.9,0,391723
2014-03-26,2014,03,26,2014-03-26,30.8,22.2,1001.4,4.7,44.1,71.1,34.0,26.6,0.0,999.9,1,502757
2014-01-08,2014,01,08,2014-01-08,18.2,5.0,1028.1,10.0,17.1,26.0,34.0,12.0,0.0,999.9,0,473611
2014-03-27,2014,03,27,2014-03-27,28.4,8.6,1022.3,10.0,24.1,35.0,34.0,23.0,0.0,999.9,0,507907
2014-01-22,2014,01,22,2014-01-22,25.0,20.3,1001.1,1.9,35.9,46.0,36.0,18.0,0.01,999.9,1,377773
2014-03-24,2014,03,24,2014-03-24,27.4,8.0,1017.9,10.0,24.1,31.1,36.0,21.9,0.0,999.9,0,443322
2014-03-05,2014,03,05,2014-03-05,29.5,18.3,1024.3,9.5,21.0,26.0,36.0,25.0,0.0,999.9,0,508381
2014-04-30,2014,04,30,2014-04-30,43.5,36.5,1030.7,9.8,15.9,24.1,46.0,41.0,0.01,999.9,0,497569
2014-12-19,2014,12,19,2014-12-19,37.3,26.2,1012.9,10.0,15.9,999.9,46.0,34.0,0.0,999.9,0,509016
2014-03-20,2014,03,20,2014-03-20,41.7,37.6,1009.6,6.3,22.9,28.0,46.0,37.0,0.4,999.9,1,500070
2014-04-18,2014,04,18,2014-04-18,40.4,32.0,1032.7,9.9,15.0,21.0,46.0,35.1,0.0,999.9,0,514893
2014-11-28,2014,11,28,2014-11-28,37.0,30.9,1015.6,9.3,22.0,29.9,46.0,34.0,0.05,999.9,0,347711
2014-12-05,2014,12,05,2014-12-05,39.3,27.7,1034.8,9.8,14.0,22.9,46.0,32.0,0.0,999.9,0,496034
2014-12-21,2014,12,21,2014-12-21,41.4,34.0,1024.2,9.8,9.9,999.9,46.0,36.0,0.06,999.9,0,419889
2014-01-16,2014,01,16,2014-01-16,40.8,39.3,1010.6,4.6,11.1,999.9,46.0,32.0,0.0,999.9,0,482037
2014-01-14,2014,01,14,2014-01-14,45.5,43.2,1012.5,5.2,15.0,22.0,48.0,28.9,0.0,999.9,1,454108
2014-12-16,2014,12,16,2014-12-16,44.0,37.0,1019.7,9.6,8.0,999.9,48.0,33.1,0.0,999.9,0,439779
2014-04-02,2014,04,02,2014-04-02,39.3,28.6,1019.1,10.0,11.1,999.9,48.0,32.0,0.0,999.9,0,483841
2014-11-15,2014,11,15,2014-11-15,37.0,20.6,1021.7,10.0,15.9,21.0,48.0,32.0,0.05,999.9,0,508043
2014-03-28,2014,03,28,2014-03-28,41.2,35.6,1023.4,8.9,20.0,27.0,48.0,34.0,0.0,999.9,0,522404
2014-03-08,2014,03,08,2014-03-08,40.3,33.2,1009.0,8.9,15.9,21.0,48.0,35.6,0.0,999.9,1,551574
2014-04-04,2014,04,04,2014-04-04,40.0,30.2,1019.1,10.0,15.0,20.0,48.0,33.1,0.0,999.9,0,544519
2014-11-22,2014,11,22,2014-11-22,37.1,19.7,1028.3,10.0,28.0,34.0,48.0,28.0,0.0,999.9,0,516116
2014-02-14,2014,02,14,2014-02-14,40.2,35.7,989.5,5.7,35.9,47.0,50.0,30.0,1.41,999.9,1,472229
2014-02-21,2014,02,21,2014-02-21,42.2,40.0,1017.2,3.9,19.0,26.0,50.0,35.1,0.26,999.9,1,503515
2014-04-05,2014,04,05,2014-04-05,44.8,39.6,1008.7,7.7,19.0,25.1,50.0,41.0,0.03,999.9,1,543175
2014-04-27,2014,04,27,2014-04-27,42.4,36.2,1012.5,9.9,14.0,17.1,50.0,36.0,0.37,999.9,0,473210
2014-11-16,2014,11,16,2014-11-16,38.1,26.0,1027.1,10.0,15.9,22.0,50.0,23.0,0.0,999.9,0,442084
2014-03-22,2014,03,22,2014-03-22,38.1,27.9,1013.6,9.7,22.0,31.1,50.0,23.0,0.0,999.9,0,534441
2014-02-20,2014,02,20,2014-02-20,39.6,32.2,1018.5,7.1,15.9,26.0,50.0,23.0,0.19,999.9,0,466020
2014-04-08,2014,04,08,2014-04-08,47.7,45.8,1003.5,1.9,22.9,29.9,52.0,44.1,0.7,999.9,1,467018
2014-12-17,2014,12,17,2014-12-17,48.6,45.7,1009.7,8.0,15.0,22.9,52.0,41.0,0.1,999.9,1,456564
2014-11-03,2014,11,03,2014-11-03,44.6,20.6,1012.6,10.0,25.1,35.9,52.0,37.0,0.66,999.9,0,412503
2014-01-06,2014,01,06,2014-01-06,46.3,45.1,1007.0,2.5,20.0,26.0,52.0,41.0,0.04,999.9,1,395445
2014-12-18,2014,12,18,2014-12-18,42.4,32.2,1008.0,10.0,19.0,28.9,52.0,39.0,0.0,999.9,0,482660
2014-04-28,2014,04,28,2014-04-28,46.5,37.2,1016.1,10.0,20.0,24.1,52.0,41.0,0.01,999.9,0,436246
2014-01-07,2014,01,07,2014-01-07,23.9,10.4,1009.6,9.4,28.9,41.0,52.0,15.1,0.12,999.9,0,460052
2014-12-06,2014,12,06,2014-12-06,48.9,45.2,1026.7,6.8,18.1,25.1,54.0,32.0,0.13,999.9,0,508899
2014-12-07,2014,12,07,2014-12-07,41.9,34.0,1027.0,8.0,35.0,46.0,54.0,35.1,1.96,999.9,0,460972
2014-10-06,2014,10,06,2014-10-06,55.7,42.6,1018.6,10.0,13.0,999.9,64.0,45.0,0.0,999.9,0,409584
2014-10-23,2014,10,23,2014-10-23,59.5,57.0,1000.4,8.7,18.1,25.1,64.0,51.1,0.1,999.9,0,471818
2014-04-12,2014,04,12,2014-04-12,50.1,40.8,1019.1,8.5,13.0,999.9,64.0,43.0,0.0,999.9,0,540202
2014-10-04,2014,10,04,2014-10-04,59.4,57.3,1007.1,6.8,11.1,22.0,64.0,57.0,0.02,999.9,1,467371
2014-05-20,2014,05,20,2014-05-20,56.4,45.7,1015.4,9.9,21.0,28.9,64.0,51.1,0.11,999.9,0,472199
2014-10-24,2014,10,24,2014-10-24,54.3,51.1,1003.1,7.6,21.0,29.9,64.0,51.1,0.16,999.9,0,492064
2014-06-05,2014,06,05,2014-06-05,60.0,57.2,1006.3,5.8,19.0,35.0,64.0,55.4,0.01,999.9,1,501694
2014-04-13,2014,04,13,2014-04-13,47.0,40.4,1023.8,9.3,14.0,20.0,64.0,39.0,0.0,999.9,1,472041
2014-10-18,2014,10,18,2014-10-18,62.7,58.8,1003.7,9.0,12.0,999.9,68.0,59.0,0.02,999.9,0,513702
2014-09-25,2014,09,25,2014-09-25,59.7,55.3,1031.0,8.6,15.0,21.0,68.0,48.9,0.0,999.9,0,426440
2014-11-12,2014,11,12,2014-11-12,56.5,53.5,1012.9,6.0,11.1,999.9,68.0,45.0,0.0,999.9,1,444745
2014-10-16,2014,10,16,2014-10-16,65.0,63.4,1013.5,6.6,17.1,27.0,68.0,62.6,0.05,999.9,0,481635
2014-05-21,2014,05,21,2014-05-21,56.3,47.6,1014.9,10.0,9.9,999.9,68.0,45.0,0.0,999.9,0,483979
2014-09-20,2014,09,20,2014-09-20,57.0,47.3,1027.2,10.0,12.0,999.9,68.0,44.1,0.0,999.9,0,492576
2014-11-13,2014,11,13,2014-11-13,49.8,41.1,1015.5,8.6,999.9,999.9,68.0,45.0,0.0,999.9,1,464077
2014-09-14,2014,09,14,2014-09-14,62.2,54.3,1020.7,10.0,17.1,24.1,68.0,52.0,0.04,999.9,0,450849
2014-06-09,2014,06,09,2014-06-09,61.2,57.0,1015.2,7.1,9.9,999.9,68.0,55.0,0.0,999.9,1,440162
2014-10-19,2014,10,19,2014-10-19,56.0,45.2,1005.8,10.0,20.0,24.1,68.0,51.1,0.01,999.9,0,461858
2014-09-24,2014,09,24,2014-09-24,58.9,51.3,1033.3,10.0,15.0,21.0,68.0,48.9,0.0,999.9,0,416770
2014-06-02,2014,06,02,2014-06-02,57.4,46.6,1022.9,10.0,14.0,999.9,68.0,48.0,0.0,999.9,0,428122
2014-06-19,2014,06,19,2014-06-19,67.3,61.5,1013.6,9.7,9.9,999.9,72.0,63.7,0.0,999.9,0,487104
2014-09-30,2014,09,30,2014-09-30,63.3,61.3,1014.7,6.7,18.1,999.9,72.0,62.1,0.02,999.9,0,435417
2014-09-18,2014,09,18,2014-09-18,61.1,47.4,1014.7,10.0,11.1,15.0,72.0,48.0,0.0,999.9,0,464358
2014-09-22,2014,09,22,2014-09-22,67.9,61.5,1007.0,8.2,22.9,27.0,72.0,61.0,0.11,999.9,1,393656
2014-09-19,2014,09,19,2014-09-19,57.2,42.7,1024.1,10.0,19.0,26.0,72.0,46.0,0.0,999.9,0,488834
2014-08-15,2014,08,15,2014-08-15,66.8,59.2,1012.2,10.0,15.0,20.0,72.0,61.0,0.01,999.9,0,444148
2014-09-23,2014,09,23,2014-09-23,59.0,42.3,1022.8,10.0,15.9,22.9,72.0,53.1,0.01,999.9,0,401123
2014-08-26,2014,08,26,2014-08-26,63.0,56.0,1021.1,10.0,8.9,999.9,72.0,53.1,0.0,999.9,0,389266
2014-08-25,2014,08,25,2014-08-25,63.3,56.5,1020.5,10.0,8.0,999.9,72.0,54.0,0.0,999.9,0,357998
2014-06-29,2014,06,29,2014-06-29,64.7,57.9,1024.0,9.5,8.9,999.9,72.0,55.9,0.01,999.9,0,402696
2014-08-14,2014,08,14,2014-08-14,67.8,60.8,1008.1,9.1,15.0,15.9,72.0,63.0,0.02,999.9,0,439289
2014-06-28,2014,06,28,2014-06-28,62.2,51.9,1024.1,9.5,8.0,999.9,72.0,52.0,0.02,999.9,0,472015
2014-06-30,2014,06,30,2014-06-30,67.3,61.6,1019.0,10.0,12.0,999.9,73.0,55.0,0.01,999.9,0,409501
2014-08-22,2014,08,22,2014-08-22,63.9,60.0,1017.7,7.9,13.0,19.0,73.0,57.9,0.01,999.9,1,419858
2014-08-04,2014,08,04,2014-08-04,68.2,65.5,1017.7,6.0,12.0,999.9,73.0,64.0,0.04,999.9,1,392871
2014-06-23,2014,06,23,2014-06-23,62.1,50.3,1019.7,10.0,9.9,999.9,73.0,52.0,0.0,999.9,0,413205
2014-07-13,2014,07,13,2014-07-13,68.7,63.6,1020.0,9.8,14.0,999.9,73.0,57.9,0.01,999.9,0,410483
2014-09-09,2014,09,09,2014-09-09,64.6,56.5,1025.0,10.0,15.0,22.9,73.0,55.9,0.0,999.9,0,450763
2014-07-22,2014,07,22,2014-07-22,67.1,63.5,1020.4,5.9,11.1,999.9,73.0,60.1,0.02,999.9,1,447126
2014-09-29,2014,09,29,2014-09-29,65.9,63.2,1015.5,9.2,11.1,999.9,73.0,53.1,0.02,999.9,0,400318
2014-08-21,2014,08,21,2014-08-21,67.1,60.6,1017.5,10.0,12.0,999.9,73.0,52.0,0.01,999.9,0,441620
2014-09-12,2014,09,12,2014-09-12,67.1,58.8,1016.6,9.7,18.1,22.0,73.0,54.0,0.0,999.9,0,486929
2014-06-22,2014,06,22,2014-06-22,63.2,49.2,1014.6,9.9,11.1,999.9,73.0,48.0,0.0,999.9,0,430757
2014-08-23,2014,08,23,2014-08-23,65.6,60.1,1017.9,9.8,18.1,22.9,73.0,57.9,0.02,999.9,0,402490
2014-08-24,2014,08,24,2014-08-24,63.9,56.8,1019.4,10.0,15.9,22.0,73.0,55.0,0.01,999.9,0,364236
2014-06-17,2014,06,17,2014-06-17,62.5,55.2,1019.0,10.0,12.0,999.9,73.0,57.9,0.0,999.9,0,449368
2014-06-20,2014,06,20,2014-06-20,64.6,48.8,1013.2,9.8,11.1,999.9,73.0,52.0,0.08,999.9,0,485548
2014-06-21,2014,06,21,2014-06-21,59.9,46.2,1013.9,10.0,12.0,999.9,73.0,48.0,0.0,999.9,0,473409
2014-08-20,2014,08,20,2014-08-20,63.8,55.9,1015.5,9.9,12.0,999.9,73.0,52.0,0.01,999.9,0,422389
2014-09-11,2014,09,11,2014-09-11,64.4,60.3,1014.8,9.7,13.0,999.9,73.0,54.0,0.0,999.9,0,478607
2014-08-16,2014,08,16,2014-08-16,66.3,58.8,1015.3,9.7,12.0,999.9,73.0,59.0,0.0,999.9,0,419353
2014-09-10,2014,09,10,2014-09-10,66.2,61.2,1019.1,10.0,17.1,22.0,73.0,60.1,0.0,999.9,0,466592
2014-07-06,2014,07,06,2014-07-06,68.2,59.1,1016.4,10.0,18.1,26.0,77.0,62.1,0.11,999.9,0,313544
2014-09-07,2014,09,07,2014-09-07,70.1,62.9,1015.8,9.0,20.0,24.1,77.0,62.1,0.0,999.9,0,445959
2014-09-06,2014,09,06,2014-09-06,72.0,69.9,1014.3,6.9,15.0,18.1,77.0,64.9,0.01,999.9,1,503100
2014-07-17,2014,07,17,2014-07-17,70.4,63.7,1013.3,7.7,8.0,999.9,77.0,66.2,0.01,999.9,1,457123
2014-07-05,2014,07,05,2014-07-05,67.0,55.8,1012.9,8.4,42.9,52.1,77.0,62.1,1.88,999.9,0,308304
2014-07-25,2014,07,25,2014-07-25,67.4,60.8,1013.4,10.0,8.9,999.9,77.0,61.0,0.0,999.9,0,461493
2014-09-01,2014,09,01,2014-09-01,71.5,69.2,1015.6,6.8,19.0,25.1,77.0,66.0,0.14,999.9,0,319157
2014-06-08,2014,06,08,2014-06-08,64.9,55.5,1013.2,9.8,8.0,999.9,77.0,55.9,0.0,999.9,0,434856
2014-08-08,2014,08,08,2014-08-08,66.3,57.6,1014.9,10.0,14.0,999.9,77.0,59.0,0.19,999.9,0,445799
2014-09-02,2014,09,02,2014-09-02,71.1,69.4,1013.1,1.7,9.9,999.9,77.0,68.0,0.01,999.9,1,408333
2014-08-07,2014,08,07,2014-08-07,69.3,60.6,1011.1,9.2,15.0,21.0,77.0,60.1,0.0,999.9,0,446629
2014-08-11,2014,08,11,2014-08-11,66.3,59.2,1021.1,7.8,8.9,999.9,81.0,57.0,0.01,999.9,1,377494
2014-08-10,2014,08,10,2014-08-10,69.1,61.4,1019.2,9.8,8.0,999.9,81.0,57.9,0.01,999.9,0,372124
2014-02-06,2014,02,06,2014-02-06,30.4,24.5,1018.1,8.6,17.1,24.1,37.0,24.1,0.56,999.9,0,478790
2014-02-10,2014,02,10,2014-02-10,28.9,18.8,1015.7,9.0,19.0,26.0,37.0,23.0,0.0,999.9,0,435911
2014-12-31,2014,12,31,2014-12-31,26.9,8.3,1025.3,9.9,12.0,999.9,37.0,21.9,0.0,999.9,0,405293
2014-03-18,2014,03,18,2014-03-18,27.7,14.7,1023.7,10.0,15.0,20.0,37.0,18.0,0.0,999.9,0,469975
2014-02-09,2014,02,09,2014-02-09,30.3,18.2,1018.7,10.0,9.9,999.9,37.0,21.9,0.0,999.9,0,466492
2014-03-17,2014,03,17,2014-03-17,28.5,12.1,1018.8,10.0,19.0,25.1,39.0,24.1,0.0,999.9,0,433321
2014-02-15,2014,02,15,2014-02-15,35.2,28.8,1006.5,7.3,27.0,35.9,39.0,28.0,0.02,999.9,0,491375
2014-02-16,2014,02,16,2014-02-16,29.8,22.4,1004.2,7.5,34.0,45.1,39.0,25.0,0.63,999.9,1,457332
2014-11-29,2014,11,29,2014-11-29,30.9,16.8,1025.3,10.0,14.0,999.9,39.0,25.0,0.0,999.9,0,395378
2014-11-19,2014,11,19,2014-11-19,33.6,14.6,1018.3,10.0,19.0,25.1,39.0,30.0,0.02,999.9,0,458644
2014-03-16,2014,03,16,2014-03-16,35.3,16.8,1016.5,10.0,17.1,24.1,41.0,33.1,0.0,999.9,0,485008
2014-01-25,2014,01,25,2014-01-25,32.0,23.0,1011.2,8.5,27.0,35.9,41.0,10.9,0.0,999.9,0,530551
2014-02-01,2014,02,01,2014-02-01,35.6,25.1,1024.8,10.0,8.0,999.9,41.0,30.9,0.0,999.9,0,533783
2014-01-26,2014,01,26,2014-01-26,26.8,15.4,1004.7,9.4,22.9,29.9,41.0,21.0,0.03,999.9,0,457026
2014-02-04,2014,02,04,2014-02-04,32.5,26.2,1027.2,10.0,14.0,999.9,41.0,27.0,0.61,999.9,0,454444
2014-12-20,2014,12,20,2014-12-20,38.2,30.8,1020.7,10.0,12.0,15.9,43.0,34.0,0.0,999.9,0,494266
2014-03-23,2014,03,23,2014-03-23,38.9,25.3,1013.9,10.0,15.0,21.0,43.0,33.1,0.0,999.9,0,480744
2014-01-19,2014,01,19,2014-01-19,36.1,29.0,1005.7,10.0,28.0,38.1,43.0,32.0,0.04,999.9,0,462238
2014-01-27,2014,01,27,2014-01-27,38.8,32.3,1008.0,8.8,17.1,22.9,45.0,21.0,0.0,999.9,0,418863
2014-03-15,2014,03,15,2014-03-15,41.3,34.3,1011.5,8.8,15.9,18.1,45.0,36.0,0.0,999.9,0,547916
2014-01-28,2014,01,28,2014-01-28,22.2,-1.3,1020.6,10.0,17.1,25.1,45.0,17.1,0.0,999.9,0,468729
2014-12-08,2014,12,08,2014-12-08,35.4,24.7,1035.8,10.0,29.9,39.0,45.0,32.0,0.67,999.9,0,431042
2014-02-03,2014,02,03,2014-02-03,36.5,33.6,1018.2,5.3,15.0,18.1,45.0,32.0,0.06,999.9,1,382517
2014-02-02,2014,02,02,2014-02-02,39.3,37.2,1016.5,5.5,15.0,20.0,45.0,30.9,0.1,999.9,1,464225
2014-04-26,2014,04,26,2014-04-26,44.9,36.6,1009.1,9.4,18.1,26.0,55.0,42.1,0.0,999.9,0,540090
2014-11-02,2014,11,02,2014-11-02,43.5,38.4,1001.3,6.3,39.0,55.0,55.0,37.0,1.15,999.9,0,435721
2014-11-08,2014,11,08,2014-11-08,43.9,29.7,1012.0,10.0,20.0,32.1,55.0,37.0,0.03,999.9,0,515675
2014-12-04,2014,12,04,2014-12-04,43.1,28.0,1025.4,9.9,22.0,31.1,55.0,37.0,0.01,999.9,0,458616
2014-12-03,2014,12,03,2014-12-03,51.2,48.4,1022.8,6.1,20.0,26.0,55.0,39.0,0.22,999.9,0,438432
2014-04-25,2014,04,25,2014-04-25,49.0,32.3,1013.4,10.0,15.9,22.9,57.0,43.0,0.0,999.9,0,526282
2014-04-09,2014,04,09,2014-04-09,46.8,36.1,1002.5,9.6,17.1,22.9,57.0,42.1,0.45,999.9,0,484663
2014-12-01,2014,12,01,2014-12-01,53.2,49.0,1019.8,7.4,14.0,999.9,57.0,39.9,0.0,999.9,0,399044
2014-05-13,2014,05,13,2014-05-13,51.8,43.8,1022.0,10.0,22.9,28.0,57.0,46.9,0.0,999.9,0,473044
2014-04-24,2014,04,24,2014-04-24,49.6,28.7,1002.9,10.0,26.0,34.0,57.0,44.1,0.12,999.9,0,505056
2014-12-10,2014,12,10,2014-12-10,47.9,44.8,999.6,8.4,15.9,999.9,57.0,44.1,2.11,999.9,0,447350
2014-05-04,2014,05,04,2014-05-04,51.4,42.6,1005.1,9.8,22.0,28.0,57.0,46.9,0.02,999.9,0,475789
2014-12-09,2014,12,09,2014-12-09,48.7,45.1,1019.3,5.8,28.0,41.0,57.0,32.0,0.03,999.9,0,437220
2014-04-10,2014,04,10,2014-04-10,41.6,28.9,1019.5,9.9,15.9,999.9,57.0,28.0,0.0,999.9,0,498870
2014-12-02,2014,12,02,2014-12-02,42.5,32.4,1033.2,9.9,19.0,27.0,57.0,39.0,0.09,999.9,0,440620
2014-05-22,2014,05,22,2014-05-22,50.3,46.2,1013.1,8.6,13.0,999.9,57.0,46.0,0.0,999.9,1,489262
2014-10-12,2014,10,12,2014-10-12,53.3,43.7,1022.4,10.0,14.0,21.0,59.0,44.1,0.78,999.9,0,437673
2014-05-06,2014,05,06,2014-05-06,52.2,40.5,1011.1,9.6,11.1,999.9,59.0,46.9,0.01,999.9,0,483245
2014-11-07,2014,11,07,2014-11-07,52.5,46.7,999.0,7.9,21.0,29.9,59.0,46.0,0.85,999.9,0,486697
2014-11-09,2014,11,09,2014-11-09,53.2,42.7,1014.0,10.0,17.1,24.1,59.0,37.0,0.0,999.9,0,445908
2014-11-26,2014,11,26,2014-11-26,48.0,41.1,1018.0,6.7,32.1,46.0,59.0,44.1,0.01,999.9,0,425449
2014-11-11,2014,11,11,2014-11-11,51.0,47.2,1020.7,9.5,12.0,999.9,59.0,39.0,0.0,999.9,1,402435
2014-05-14,2014,05,14,2014-05-14,51.2,44.3,1026.5,10.0,15.0,999.9,59.0,45.0,0.0,999.9,0,466666
2014-04-20,2014,04,20,2014-04-20,44.2,31.2,1030.4,10.0,18.1,21.0,59.0,34.0,0.0,999.9,0,429066
2014-04-19,2014,04,19,2014-04-19,45.7,35.3,1023.5,10.0,14.0,18.1,59.0,34.0,0.0,999.9,0,483916
2014-11-10,2014,11,10,2014-11-10,48.2,42.2,1019.2,9.6,7.0,999.9,59.0,39.0,0.0,999.9,0,407197
2014-05-25,2014,05,25,2014-05-25,53.7,44.4,1018.2,10.0,8.9,999.9,59.0,48.0,0.0,999.9,0,378073
2014-10-20,2014,10,20,2014-10-20,49.0,32.4,1016.2,10.0,18.1,27.0,59.0,41.0,0.0,999.9,0,416422
2014-05-29,2014,05,29,2014-05-29,52.0,42.7,1021.9,10.0,17.1,22.9,59.0,46.4,0.01,999.9,0,489739
2014-10-03,2014,10,03,2014-10-03,58.5,54.0,1016.5,9.2,18.1,24.1,61.0,57.0,0.01,999.9,0,485297
2014-11-24,2014,11,24,2014-11-24,54.8,52.5,1014.5,4.5,27.0,34.0,61.0,46.9,0.0,999.9,0,398633
2014-10-31,2014,10,31,2014-10-31,51.3,43.6,1014.8,10.0,15.0,21.0,61.0,42.1,0.0,999.9,0,494320
2014-11-04,2014,11,04,2014-11-04,52.7,37.7,1019.4,10.0,15.0,22.0,61.0,37.9,0.0,999.9,0,424682
2014-11-25,2014,11,25,2014-11-25,56.7,53.5,1014.0,3.6,19.0,26.0,61.0,50.0,0.26,999.9,1,409243
2014-05-05,2014,05,05,2014-05-05,53.7,40.0,1005.8,10.0,14.0,22.9,61.0,48.0,0.0,999.9,0,461342
2014-05-03,2014,05,03,2014-05-03,50.9,41.1,1010.3,9.1,13.0,999.9,61.0,41.0,0.01,999.9,0,544063
2014-10-27,2014,10,27,2014-10-27,54.1,40.5,1010.0,10.0,17.1,24.1,61.0,48.9,0.0,999.9,0,411856
2014-10-02,2014,10,02,2014-10-02,59.9,56.3,1016.6,9.4,22.0,28.9,61.0,57.2,1.08,999.9,0,467301
2014-05-02,2014,05,02,2014-05-02,51.9,44.7,1006.4,6.4,15.0,999.9,61.0,46.4,0.21,999.9,1,516985
2014-11-17,2014,11,17,2014-11-17,52.1,48.9,1014.6,6.5,24.1,35.0,61.0,45.0,0.09,999.9,0,402189
2014-05-19,2014,05,19,2014-05-19,56.9,41.8,1016.9,10.0,15.9,22.0,63.0,48.9,0.0,999.9,0,452923
2014-05-26,2014,05,26,2014-05-26,56.7,51.1,1015.3,9.6,15.0,19.0,63.0,51.1,0.0,999.9,0,336173
2014-11-06,2014,11,06,2014-11-06,53.6,48.7,1015.8,9.4,15.0,21.0,63.0,50.0,0.02,999.9,0,470232
2014-05-18,2014,05,18,2014-05-18,56.5,46.1,1017.6,9.8,15.0,20.0,63.0,50.0,0.43,999.9,0,473932
2014-11-18,2014,11,18,2014-11-18,48.9,39.6,1004.5,7.8,26.0,38.1,63.0,34.0,2.91,999.9,0,456387
2014-10-01,2014,10,01,2014-10-01,62.4,60.6,1014.5,7.1,15.9,20.0,63.0,60.8,0.24,999.9,0,458010
2014-10-30,2014,10,30,2014-10-30,56.1,45.0,1012.9,9.4,15.9,22.9,66.0,51.1,0.0,999.9,0,469494
2014-10-10,2014,10,10,2014-10-10,59.0,44.0,1017.8,10.0,15.9,17.1,66.0,48.9,0.0,999.9,0,489982
2014-10-29,2014,10,29,2014-10-29,61.9,59.0,1013.1,8.0,14.0,999.9,66.0,57.9,0.0,999.9,0,454041
2014-06-13,2014,06,13,2014-06-13,61.7,58.6,1013.7,4.0,18.1,24.1,66.0,59.0,0.02,999.9,1,496516
2014-09-15,2014,09,15,2014-09-15,57.5,47.6,1022.0,10.0,8.0,999.9,66.0,46.9,0.0,999.9,0,421980
2014-05-11,2014,05,11,2014-05-11,58.3,49.5,1013.2,8.6,19.0,24.1,66.0,53.1,0.24,999.9,0,454120
2014-10-15,2014,10,15,2014-10-15,64.9,62.1,1021.0,9.9,12.0,999.9,70.0,61.0,0.01,999.9,0,456636
2014-10-08,2014,10,08,2014-10-08,65.2,60.4,1012.5,9.4,31.1,44.1,70.0,60.1,0.07,999.9,1,456070
2014-05-12,2014,05,12,2014-05-12,57.8,46.2,1018.5,9.8,13.0,17.1,70.0,48.9,0.23,999.9,0,437492
2014-10-17,2014,10,17,2014-10-17,63.2,59.7,1006.5,7.9,17.1,19.0,70.0,60.1,1.04,999.9,0,492494
2014-10-09,2014,10,09,2014-10-09,60.8,45.9,1013.8,9.7,21.0,26.0,70.0,48.9,0.39,999.9,0,477361
2014-09-13,2014,09,13,2014-09-13,59.9,53.2,1022.2,9.6,15.0,21.0,70.0,52.0,0.0,999.9,0,513501
2014-08-03,2014,08,03,2014-08-03,66.4,64.6,1019.1,6.0,9.9,999.9,70.0,61.0,0.6,999.9,1,397765
2014-09-17,2014,09,17,2014-09-17,61.9,54.4,1015.5,9.8,13.0,999.9,70.0,51.1,0.0,999.9,0,451216
2014-07-21,2014,07,21,2014-07-21,65.9,63.3,1020.4,6.0,15.9,21.0,70.0,62.6,0.4,999.9,0,399110
2014-09-03,2014,09,03,2014-09-03,74.0,65.1,1012.3,8.1,14.0,22.0,82.0,66.9,0.0,999.9,1,441040
2014-09-04,2014,09,04,2014-09-04,69.4,60.8,1020.5,9.9,12.0,999.9,82.0,59.0,0.0,999.9,0,469500
2014-05-27,2014,05,27,2014-05-27,61.1,52.9,1011.0,9.5,15.9,20.0,75.0,52.0,0.02,999.9,0,432969
2014-07-26,2014,07,26,2014-07-26,66.9,63.2,1015.8,9.8,9.9,999.9,75.0,61.0,0.0,999.9,0,448388
2014-08-13,2014,08,13,2014-08-13,66.6,63.5,1013.0,8.4,22.0,28.0,75.0,60.1,0.39,999.9,0,434391
2014-07-16,2014,07,16,2014-07-16,70.4,68.5,1010.6,6.0,15.9,22.9,75.0,68.0,0.0,999.9,0,449192
2014-06-27,2014,06,27,2014-06-27,63.9,53.8,1018.0,9.8,20.0,34.0,75.0,59.0,0.13,999.9,0,474158
2014-08-12,2014,08,12,2014-08-12,67.2,62.2,1020.2,10.0,12.0,999.9,75.0,57.0,0.01,999.9,0,413297
2014-07-31,2014,07,31,2014-07-31,67.7,62.9,1019.8,9.6,11.1,999.9,75.0,59.0,0.01,999.9,0,453515
2014-08-27,2014,08,27,2014-08-27,67.5,64.7,1016.3,6.5,12.0,999.9,75.0,53.1,0.02,999.9,1,415610
2014-09-08,2014,09,08,2014-09-08,63.6,55.3,1025.3,10.0,15.9,21.0,75.0,55.9,0.01,999.9,0,430611
2014-07-02,2014,07,02,2014-07-02,69.0,66.0,1014.4,7.2,14.0,20.0,75.0,64.9,0.0,999.9,1,439423
2014-07-30,2014,07,30,2014-07-30,67.3,60.6,1015.5,9.3,11.1,999.9,75.0,59.0,0.0,999.9,0,441490
2014-07-18,2014,07,18,2014-07-18,69.6,59.4,1020.7,9.6,7.0,999.9,79.0,63.0,0.04,999.9,0,460247
2014-03-06,2014,03,06,2014-03-06,26.3,14.0,1032.2,9.1,22.0,28.0,30.2,21.0,0.0,999.9,0,531137
2014-02-24,2014,02,24,2014-02-24,37.5,25.8,1008.3,9.7,18.1,28.9,46.9,30.9,0.09,999.9,0,439480
2014-02-23,2014,02,23,2014-02-23,42.0,36.9,1015.4,9.5,13.0,999.9,46.9,34.0,0.0,999.9,0,442458
2014-01-20,2014,01,20,2014-01-20,41.0,27.9,1003.2,10.0,24.1,35.0,46.9,34.0,0.0,999.9,0,378450
2014-04-06,2014,04,06,2014-04-06,41.1,25.3,1017.6,10.0,17.1,22.9,46.9,35.1,0.0,999.9,0,475267
2014-01-21,2014,01,21,2014-01-21,29.2,17.5,1012.1,8.5,22.0,28.9,46.9,23.0,0.0,999.9,1,255518
2014-01-13,2014,01,13,2014-01-13,38.6,31.2,1018.7,9.2,12.0,999.9,46.9,28.9,0.01,999.9,0,419698
2014-04-29,2014,04,29,2014-04-29,44.2,36.0,1028.1,10.0,22.0,28.0,46.9,42.1,0.0,999.9,0,483147
2014-03-11,2014,03,11,2014-03-11,41.3,34.1,1002.9,8.3,12.0,18.1,48.9,32.0,0.0,999.9,0,456983
2014-12-11,2014,12,11,2014-12-11,40.8,33.7,1003.0,9.5,26.0,33.0,48.9,37.9,0.05,999.9,0,469687
2014-02-13,2014,02,13,2014-02-13,37.0,32.0,1022.3,6.3,25.1,36.9,48.9,18.0,0.0,999.9,1,326187
2014-04-07,2014,04,07,2014-04-07,42.0,33.9,1022.6,10.0,15.0,22.0,48.9,35.1,0.0,999.9,0,460614
2014-04-03,2014,04,03,2014-04-03,40.9,30.9,1018.5,10.0,15.9,20.0,48.9,33.1,0.0,999.9,0,499912
2014-01-15,2014,01,15,2014-01-15,41.1,38.4,1013.3,6.5,15.9,24.1,48.9,32.0,0.62,999.9,0,466443
2014-12-22,2014,12,22,2014-12-22,42.9,37.4,1026.3,9.7,15.0,20.0,48.9,37.0,0.0,999.9,0,382112
2014-01-31,2014,01,31,2014-01-31,33.7,26.7,1020.9,9.9,15.0,19.0,37.4,28.9,0.0,999.9,0,526748
2014-02-05,2014,02,05,2014-02-05,32.3,29.1,1018.9,6.3,22.9,31.1,37.4,24.1,0.1,999.9,0,413853
2014-03-30,2014,03,30,2014-03-30,46.3,44.7,1001.5,1.7,20.0,28.0,55.4,39.9,1.22,999.9,1,462771
2014-05-01,2014,05,01,2014-05-01,50.3,48.3,1016.6,3.2,18.1,24.1,55.4,44.1,0.35,999.9,1,492691
2014-03-07,2014,03,07,2014-03-07,29.4,20.9,1027.4,10.0,14.0,19.0,37.9,19.0,0.0,999.9,0,547177
2014-03-09,2014,03,09,2014-03-09,35.2,21.7,1011.2,10.0,15.0,22.0,37.9,30.0,0.0,999.9,0,473451
2014-03-31,2014,03,31,2014-03-31,37.8,35.3,1005.3,6.1,26.0,38.1,39.9,36.0,0.29,999.9,0,432430
2014-12-13,2014,12,13,2014-12-13,36.9,27.7,1009.8,9.9,14.0,20.0,39.9,33.1,0.0,999.9,0,501276
2014-03-02,2014,03,02,2014-03-02,35.1,28.8,1018.5,9.1,15.0,21.0,39.9,30.9,0.0,999.9,0,462065
2014-12-24,2014,12,24,2014-12-24,50.7,49.2,1015.7,2.1,18.1,24.1,55.9,45.0,0.55,999.9,1,348267
2014-11-30,2014,11,30,2014-11-30,46.1,38.6,1024.0,9.9,15.0,999.9,55.9,24.1,0.0,999.9,0,370177
2014-05-09,2014,05,09,2014-05-09,51.5,44.5,1022.6,8.7,14.0,999.9,55.9,44.6,0.0,999.9,1,523936
2014-11-01,2014,11,01,2014-11-01,53.0,46.9,1009.0,8.8,28.9,41.0,57.9,42.1,0.08,999.9,0,561404
2014-11-23,2014,11,23,2014-11-23,52.6,41.5,1021.4,8.9,26.0,35.0,57.9,48.0,0.0,999.9,0,425989
2014-04-15,2014,04,15,2014-04-15,52.6,48.0,1013.3,6.6,22.0,32.1,57.9,48.9,0.0,999.9,0,481424
2014-04-14,2014,04,14,2014-04-14,52.2,47.8,1019.3,7.0,18.1,22.9,57.9,39.0,0.0,999.9,0,419268
2014-05-10,2014,05,10,2014-05-10,54.8,49.9,1015.2,7.1,14.0,20.0,57.9,51.8,0.0,999.9,1,527537
2014-12-26,2014,12,26,2014-12-26,44.8,33.5,1018.9,10.0,15.9,21.0,57.9,39.0,0.2,999.9,0,278667
2014-05-30,2014,05,30,2014-05-30,49.7,42.2,1019.4,10.0,9.9,999.9,57.9,41.0,0.0,999.9,0,503977
2014-04-22,2014,04,22,2014-04-22,49.5,43.2,1007.7,10.0,8.9,999.9,57.9,34.0,0.0,999.9,0,463407
2014-04-16,2014,04,16,2014-04-16,42.9,32.6,1021.9,7.9,25.1,46.0,57.9,35.1,0.71,999.9,0,495438
2014-12-25,2014,12,25,2014-12-25,53.1,49.3,1005.9,4.1,21.0,27.0,57.9,46.9,0.88,999.9,1,210250
2014-04-23,2014,04,23,2014-04-23,49.5,45.4,998.0,9.2,17.1,29.9,57.9,43.0,0.01,999.9,0,501335
2014-06-03,2014,06,03,2014-06-03,58.2,47.9,1016.6,10.0,15.0,999.9,69.1,46.9,0.0,999.9,0,462670
2014-06-06,2014,06,06,2014-06-06,61.3,54.4,1007.8,9.8,15.9,21.0,69.1,55.4,2.21,999.9,0,495170
2014-10-07,2014,10,07,2014-10-07,63.0,57.0,1021.1,10.0,14.0,19.0,69.1,45.0,0.0,999.9,0,436891
2014-09-26,2014,09,26,2014-09-26,63.1,59.1,1020.5,7.9,20.0,27.0,69.1,57.9,1.99,999.9,0,448361
2014-04-01,2014,04,01,2014-04-01,37.1,29.8,1015.3,9.3,26.0,35.9,42.8,33.8,0.03,999.9,0,462503
2014-12-14,2014,12,14,2014-12-14,39.0,30.1,1008.6,10.0,15.9,999.9,42.8,36.0,0.0,999.9,0,441365
2014-05-31,2014,05,31,2014-05-31,53.9,46.5,1019.1,10.0,25.1,33.0,60.8,48.0,0.0,999.9,0,511991
2014-10-22,2014,10,22,2014-10-22,57.0,55.4,1010.3,6.1,21.0,28.9,60.8,51.8,0.23,999.9,0,461722
2014-10-21,2014,10,21,2014-10-21,57.7,52.3,1015.5,9.3,15.9,21.0,60.8,53.1,0.0,999.9,0,445571
2014-07-11,2014,07,11,2014-07-11,69.1,62.4,1021.9,6.5,8.0,999.9,78.1,64.0,0.03,999.9,1,458597
2014-08-29,2014,08,29,2014-08-29,67.2,53.4,1018.9,10.0,18.1,22.0,78.1,59.0,0.03,999.9,0,410496
2014-08-28,2014,08,28,2014-08-28,71.0,62.4,1009.4,6.8,19.0,27.0,78.1,59.0,0.01,999.9,1,414649
2014-08-06,2014,08,06,2014-08-06,70.1,65.7,1010.1,4.4,8.9,999.9,78.1,66.0,0.01,999.9,1,439508
2014-07-19,2014,07,19,2014-07-19,65.0,54.1,1024.2,10.0,9.9,999.9,78.1,55.9,0.0,999.9,0,445222
2014-09-05,2014,09,05,2014-09-05,70.3,67.2,1021.3,8.7,13.0,999.9,78.1,59.0,0.01,999.9,1,496714
2014-08-09,2014,08,09,2014-08-09,70.4,61.3,1017.2,9.9,8.9,999.9,78.1,60.1,0.0,999.9,0,420314
2014-07-10,2014,07,10,2014-07-10,69.4,66.1,1017.9,5.4,18.1,25.1,78.1,64.4,0.01,999.9,1,456003
