"","Apr","Aug","Dec","Feb","Jan","Jul","Jun","Mar","May","Nov","Oct","Sep","Fri","Mon","Sat","Sun","Thu","Tue","Wed","year","temp","dewp","max","min","NUM_COLLISIONS"
"1",0,0,0,0,1,0,0,0,0,0,0,0,0,0,0,0,0,1,0,2013,37.8,23.6,39.9,33.1,0.481668773704172
"2",0,0,0,0,1,0,0,0,0,0,0,0,0,0,0,0,0,0,1,2013,27.1,10.5,33.1,21.9,0.606826801517067
"3",0,0,0,0,1,0,0,0,0,0,0,0,0,0,0,0,1,0,0,2013,28.4,14.1,32,24.1,0.694058154235145
"4",0,0,0,0,1,0,0,0,0,0,0,0,1,0,0,0,0,0,0,2013,33.4,18.6,37,30,0.638432364096081
"5",0,0,0,0,1,0,0,0,0,0,0,0,0,0,1,0,0,0,0,2013,36.1,18.7,42.1,32,0.491782553729456
"6",0,0,0,0,1,0,0,0,0,0,0,0,0,0,0,1,0,0,0,2013,38.3,25,46,34,0.496839443742099
"7",0,0,0,0,1,0,0,0,0,0,0,0,0,1,0,0,0,0,0,2013,40.9,23.8,45,37,0.65865992414665
"8",0,0,0,0,1,0,0,0,0,0,0,0,0,0,0,0,0,1,0,2013,40.7,25.4,48,35.1,0.648546144121365
"9",0,0,0,0,1,0,0,0,0,0,0,0,0,0,0,0,0,0,1,2013,43.8,30.8,48.9,39,0.615676359039191
"10",0,0,0,0,1,0,0,0,0,0,0,0,0,0,0,0,1,0,0,2013,44.3,25.4,48,39.9,0.701643489254109
"11",0,0,0,0,1,0,0,0,0,0,0,0,1,0,0,0,0,0,0,2013,40.5,27.1,44.1,37,0.834386852085967
"12",0,0,0,0,1,0,0,0,0,0,0,0,0,0,1,0,0,0,0,2013,44.6,43,46.9,42.1,0.600505689001264
"13",0,0,0,0,1,0,0,0,0,0,0,0,0,0,0,1,0,0,0,2013,45.3,43.1,48.9,43,0.471554993678887
"14",0,0,0,0,1,0,0,0,0,0,0,0,0,1,0,0,0,0,0,2013,52.5,45.4,72,48,0.685208596713021
"15",0,0,0,0,1,0,0,0,0,0,0,0,0,0,0,0,0,1,0,2013,37.9,27.9,50,35.1,0.652338811630847
"16",0,0,0,0,1,0,0,0,0,0,0,0,0,0,0,0,0,0,1,2013,34.2,30,37.9,32,0.730720606826802
"17",0,0,0,0,1,0,0,0,0,0,0,0,0,0,0,0,1,0,0,2013,39.2,28,43,36,0.620733249051833
"18",0,0,0,0,1,0,0,0,0,0,0,0,1,0,0,0,0,0,0,2013,30.2,12.2,39.9,25,0.709228824273072
"19",0,0,0,0,1,0,0,0,0,0,0,0,0,0,1,0,0,0,0,2013,37.3,18.1,51.1,28,0.611883691529709
"20",0,0,0,0,1,0,0,0,0,0,0,0,0,0,0,1,0,0,0,2013,45.3,23.4,53.1,39.9,0.496839443742099
"21",0,0,0,0,1,0,0,0,0,0,0,0,0,1,0,0,0,0,0,2013,29.8,9.3,39.9,26.1,0.448798988621997
"22",0,0,0,0,1,0,0,0,0,0,0,0,0,0,0,0,0,1,0,2013,22.4,4,30.9,17.1,0.687737041719343
"23",0,0,0,0,1,0,0,0,0,0,0,0,0,0,0,0,0,0,1,2013,14.4,-5.4,19.9,10.9,0.689001264222503
"24",0,0,0,0,1,0,0,0,0,0,0,0,0,0,0,0,1,0,0,2013,16.8,-1.7,21.9,12,0.700379266750948
"25",0,0,0,0,1,0,0,0,0,0,0,0,1,0,0,0,0,0,0,2013,17.1,1.5,24.1,12.9,0.852085967130215
"26",0,0,0,0,1,0,0,0,0,0,0,0,0,0,1,0,0,0,0,2013,19.9,9.2,26.1,15.1,0.70543615676359
"27",0,0,0,0,1,0,0,0,0,0,0,0,0,0,0,1,0,0,0,2013,24.5,7.5,34,19,0.542351453855879
"28",0,0,0,0,1,0,0,0,0,0,0,0,0,1,0,0,0,0,0,2013,31.8,19,34,28.9,0.640960809102402
"29",0,0,0,0,1,0,0,0,0,0,0,0,0,0,0,0,0,1,0,2013,40.3,35.3,48,34,0.685208596713021
"30",0,0,0,0,1,0,0,0,0,0,0,0,0,0,0,0,0,0,1,2013,45.7,42.9,59,39,0.628318584070796
"31",0,0,0,0,1,0,0,0,0,0,0,0,0,0,0,0,1,0,0,2013,49.1,36.5,61,34,0.748419721871049
"32",0,0,0,1,0,0,0,0,0,0,0,0,1,0,0,0,0,0,0,2013,29.3,9.5,34,26.1,0.725663716814159
"33",0,0,0,1,0,0,0,0,0,0,0,0,0,0,1,0,0,0,0,2013,24.1,6.5,28.9,19,0.675094816687737
"34",0,0,0,1,0,0,0,0,0,0,0,0,0,0,0,1,0,0,0,2013,26.5,18,30,24.1,0.562579013906447
"35",0,0,0,1,0,0,0,0,0,0,0,0,0,1,0,0,0,0,0,2013,26.8,10.5,30,23,0.699115044247788
"36",0,0,0,1,0,0,0,0,0,0,0,0,0,0,0,0,0,1,0,2013,29.1,20.3,30,28,0.715549936788875
"37",0,0,0,1,0,0,0,0,0,0,0,0,0,0,0,0,0,0,1,2013,33.3,23.1,39,30,0.715549936788875
"38",0,0,0,1,0,0,0,0,0,0,0,0,0,0,0,0,1,0,0,2013,29.3,6.2,35.1,26.1,0.664981036662453
"39",0,0,0,1,0,0,0,0,0,0,0,0,1,0,0,0,0,0,0,2013,32.3,26.2,34,30,0.888748419721871
"40",0,0,0,1,0,0,0,0,0,0,0,0,0,0,1,0,0,0,0,2013,28.8,21,32,25,0.509481668773704
"41",0,0,0,1,0,0,0,0,0,0,0,0,0,0,0,1,0,0,0,2013,25.2,8.5,36,18,0.505689001264222
"42",0,0,0,1,0,0,0,0,0,0,0,0,0,1,0,0,0,0,0,2013,38.5,32.4,45,32,0.600505689001264
"43",0,0,0,1,0,0,0,0,0,0,0,0,0,0,0,0,0,1,0,2013,41.9,28.8,45,39.9,0.629582806573957
"44",0,0,0,1,0,0,0,0,0,0,0,0,0,0,0,0,0,0,1,2013,38.2,22.5,44.1,33.1,0.720606826801517
"45",0,0,0,1,0,0,0,0,0,0,0,0,0,0,0,0,1,0,0,2013,38.2,26.7,46,33.1,0.797724399494311
"46",0,0,0,1,0,0,0,0,0,0,0,0,1,0,0,0,0,0,0,2013,43,30.7,55,37,0.763590391908976
"47",0,0,0,1,0,0,0,0,0,0,0,0,0,0,1,0,0,0,0,2013,37.9,28,46.9,33.8,0.56763590391909
"48",0,0,0,1,0,0,0,0,0,0,0,0,0,0,0,1,0,0,0,2013,29,6.6,35.1,24.1,0.565107458912769
"49",0,0,0,1,0,0,0,0,0,0,0,0,0,1,0,0,0,0,0,2013,23.4,2,35.1,17.1,0.503160556257901
"50",0,0,0,1,0,0,0,0,0,0,0,0,0,0,0,0,0,1,0,2013,39.2,22.4,48.9,32,0.603034134007585
"51",0,0,0,1,0,0,0,0,0,0,0,0,0,0,0,0,0,0,1,2013,33.8,16.8,45,28.9,0.644753476611884
"52",0,0,0,1,0,0,0,0,0,0,0,0,0,0,0,0,1,0,0,2013,28,9.8,34,24.1,0.629582806573957
"53",0,0,0,1,0,0,0,0,0,0,0,0,1,0,0,0,0,0,0,2013,30,17.2,37.9,25,0.671302149178255
"54",0,0,0,1,0,0,0,0,0,0,0,0,0,0,1,0,0,0,0,2013,38,34.3,42.1,36,0.65865992414665
"55",0,0,0,1,0,0,0,0,0,0,0,0,0,0,0,1,0,0,0,2013,39.3,32.4,46.9,36,0.538558786346397
"56",0,0,0,1,0,0,0,0,0,0,0,0,0,1,0,0,0,0,0,2013,37.5,22.7,45,32,0.619469026548673
"57",0,0,0,1,0,0,0,0,0,0,0,0,0,0,0,0,0,1,0,2013,39.9,28.7,44.1,35.1,0.678887484197219
"58",0,0,0,1,0,0,0,0,0,0,0,0,0,0,0,0,0,0,1,2013,40.2,36.8,46.9,35.6,0.695322376738306
"59",0,0,0,1,0,0,0,0,0,0,0,0,0,0,0,0,1,0,0,2013,45.2,32.9,51.1,43,0.653603034134008
"60",0,0,0,0,0,0,0,1,0,0,0,0,1,0,0,0,0,0,0,2013,40,27.4,45,36,0.762326169405815
"61",0,0,0,0,0,0,0,1,0,0,0,0,0,0,1,0,0,0,0,2013,36.7,22.8,39.9,34,0.599241466498104
"62",0,0,0,0,0,0,0,1,0,0,0,0,0,0,0,1,0,0,0,2013,32.6,18.7,39.9,28.9,0.634639696586599
"63",0,0,0,0,0,0,0,1,0,0,0,0,0,1,0,0,0,0,0,2013,32.8,16.4,42.1,27,0.754740834386852
"64",0,0,0,0,0,0,0,1,0,0,0,0,0,0,0,0,0,1,0,2013,37.9,20.6,48.9,30.9,0.666245259165613
"65",0,0,0,0,0,0,0,1,0,0,0,0,0,0,0,0,0,0,1,2013,40.1,29.3,44.1,37.9,0.600505689001264
"66",0,0,0,0,0,0,0,1,0,0,0,0,0,0,0,0,1,0,0,2013,36.7,28.2,41,34,0.676359039190898
"67",0,0,0,0,0,0,0,1,0,0,0,0,0,0,1,0,0,0,0,2013,43.7,22.1,55,35.1,0.719342604298357
"68",0,0,0,0,0,0,0,1,0,0,0,0,0,0,0,1,0,0,0,2013,41.8,28.6,51.1,36,0.524652338811631
"69",0,0,0,0,0,0,0,1,0,0,0,0,0,1,0,0,0,0,0,2013,44.7,38.2,53.1,37.9,0.65992414664981
"70",0,0,0,0,0,0,0,1,0,0,0,0,0,0,0,0,0,1,0,2013,50.3,47.3,57,48,0.691529709228824
"71",0,0,0,0,0,0,0,1,0,0,0,0,0,0,0,0,0,0,1,2013,45,29.9,53.1,39.9,0.804045512010114
"72",0,0,0,0,0,0,0,1,0,0,0,0,0,0,0,0,1,0,0,2013,35.6,13.6,44.1,28.9,0.70417193426043
"73",0,0,0,0,0,0,0,1,0,0,0,0,1,0,0,0,0,0,0,2013,36.1,13.5,46.9,30,0.767383059418458
"74",0,0,0,0,0,0,0,1,0,0,0,0,0,0,1,0,0,0,0,2013,37.3,24.1,46.9,32,0.65865992414665
"75",0,0,0,0,0,0,0,1,0,0,0,0,0,0,0,1,0,0,0,2013,33,20,37.9,28.9,0.538558786346397
"76",0,0,0,0,0,0,0,1,0,0,0,0,0,1,0,0,0,0,0,2013,32.1,14.1,36,28,0.787610619469027
"77",0,0,0,0,0,0,0,1,0,0,0,0,0,0,0,0,0,1,0,2013,36,32.2,43,30.2,0.706700379266751
"78",0,0,0,0,0,0,0,1,0,0,0,0,0,0,0,0,0,0,1,2013,38.5,18.9,45,32,0.6826801517067
"79",0,0,0,0,0,0,0,1,0,0,0,0,0,0,0,0,1,0,0,2013,35.7,16,43,30.9,0.642225031605563
"80",0,0,0,0,0,0,0,1,0,0,0,0,1,0,0,0,0,0,0,2013,34,13.9,41,28,0.763590391908976
"81",0,0,0,0,0,0,0,1,0,0,0,0,0,0,1,0,0,0,0,2013,38.4,17.6,46,32,0.616940581542351
"82",0,0,0,0,0,0,0,1,0,0,0,0,0,0,0,1,0,0,0,2013,39.1,18.2,46.9,33.1,0.570164348925411
"83",0,0,0,0,0,0,0,1,0,0,0,0,0,1,0,0,0,0,0,2013,38.3,27.7,41,36,0.629582806573957
"84",0,0,0,0,0,0,0,1,0,0,0,0,0,0,0,0,0,1,0,2013,42.2,27.3,53.1,37,0.537294563843236
"85",0,0,0,0,0,0,0,1,0,0,0,0,0,0,0,0,0,0,1,2013,43.8,22.7,51.1,36,0.557522123893805
"86",0,0,0,0,0,0,0,1,0,0,0,0,0,0,0,0,1,0,0,2013,43.3,27.8,51.1,37,0.694058154235145
"87",0,0,0,0,0,0,0,1,0,0,0,0,1,0,0,0,0,0,0,2013,46.7,26.4,55,39.9,0.657395701643489
"88",0,0,0,0,0,0,0,1,0,0,0,0,0,0,1,0,0,0,0,2013,48,24.5,59,39.9,0.648546144121365
"89",0,0,0,0,0,0,0,1,0,0,0,0,0,0,0,1,0,0,0,2013,49.3,29.7,54,44.1,0.538558786346397
"90",1,0,0,0,0,0,0,0,0,0,0,0,0,1,0,0,0,0,0,2013,49.3,40.8,62.1,44.1,0.605562579013906
"91",1,0,0,0,0,0,0,0,0,0,0,0,0,0,0,0,0,1,0,2013,38,10.9,46.9,33.1,0.552465233881163
"92",1,0,0,0,0,0,0,0,0,0,0,0,0,0,0,0,0,0,1,2013,38.4,9.5,46,33.1,0.672566371681416
"93",1,0,0,0,0,0,0,0,0,0,0,0,0,0,0,0,1,0,0,2013,39.9,16.4,53.1,33.1,0.715549936788875
"94",1,0,0,0,0,0,0,0,0,0,0,0,1,0,0,0,0,0,0,2013,49,22.3,64,41,0.735777496839444
"95",1,0,0,0,0,0,0,0,0,0,0,0,0,0,1,0,0,0,0,2013,43.1,13.2,53.1,35.1,0.671302149178255
"96",1,0,0,0,0,0,0,0,0,0,0,0,0,0,0,1,0,0,0,2013,46.2,31,54,39.9,0.570164348925411
"97",1,0,0,0,0,0,0,0,0,0,0,0,0,1,0,0,0,0,0,2013,59,40.8,73,51.1,0.735777496839444
"98",1,0,0,0,0,0,0,0,0,0,0,0,0,0,0,0,0,1,0,2013,65.7,42.7,82,51.1,0.774968394437421
"99",1,0,0,0,0,0,0,0,0,0,0,0,0,0,0,0,0,0,1,2013,65.1,45.9,75.9,55,0.733249051833123
"100",1,0,0,0,0,0,0,0,0,0,0,0,0,0,0,0,1,0,0,2013,56.2,50.1,60.1,48.2,0.653603034134008
"101",1,0,0,0,0,0,0,0,0,0,0,0,1,0,0,0,0,0,0,2013,44.2,38.8,48.9,41,0.820480404551201
"102",1,0,0,0,0,0,0,0,0,0,0,0,0,0,1,0,0,0,0,2013,46.5,36.8,57.9,41,0.701643489254109
"103",1,0,0,0,0,0,0,0,0,0,0,0,0,0,0,1,0,0,0,2013,52.3,30.4,57,46.9,0.596713021491783
"104",1,0,0,0,0,0,0,0,0,0,0,0,0,1,0,0,0,0,0,2013,49.9,27,59,44.1,0.762326169405815
"105",1,0,0,0,0,0,0,0,0,0,0,0,0,0,0,0,0,1,0,2013,53.9,43.9,63,46.9,0.713021491782554
"106",1,0,0,0,0,0,0,0,0,0,0,0,0,0,0,0,0,0,1,2013,62.7,45.3,71.1,55,0.676359039190898
"107",1,0,0,0,0,0,0,0,0,0,0,0,0,0,0,0,1,0,0,2013,55.3,39.9,64,51.1,0.699115044247788
"108",1,0,0,0,0,0,0,0,0,0,0,0,1,0,0,0,0,0,0,2013,60.8,55,71.1,54,0.720606826801517
"109",1,0,0,0,0,0,0,0,0,0,0,0,0,0,1,0,0,0,0,2013,55.5,38,66,50,0.672566371681416
"110",1,0,0,0,0,0,0,0,0,0,0,0,0,0,0,1,0,0,0,2013,46,20.5,55,37,0.595448798988622
"111",1,0,0,0,0,0,0,0,0,0,0,0,0,1,0,0,0,0,0,2013,47.6,29.9,55,41,0.714285714285714
"112",1,0,0,0,0,0,0,0,0,0,0,0,0,0,0,0,0,1,0,2013,45.4,34.5,53.1,41,0.648546144121365
"113",1,0,0,0,0,0,0,0,0,0,0,0,0,0,0,0,0,0,1,2013,52.9,41.1,69.1,44.1,0.756005056890013
"114",1,0,0,0,0,0,0,0,0,0,0,0,0,0,0,0,1,0,0,2013,56.1,31.5,66,46,0.737041719342604
"115",1,0,0,0,0,0,0,0,0,0,0,0,1,0,0,0,0,0,0,2013,57.3,29.4,66.9,50,0.853350189633375
"116",1,0,0,0,0,0,0,0,0,0,0,0,0,0,1,0,0,0,0,2013,57.8,27.8,70,48,0.653603034134008
"117",1,0,0,0,0,0,0,0,0,0,0,0,0,0,0,1,0,0,0,2013,58.9,31.1,69.1,51.1,0.556257901390645
"118",1,0,0,0,0,0,0,0,0,0,0,0,0,1,0,0,0,0,0,2013,55,44,57,53.1,0.756005056890013
"119",1,0,0,0,0,0,0,0,0,0,0,0,0,0,0,0,0,1,0,2013,57.7,38.2,68,51.1,0.72819216182048
"120",0,0,0,0,0,0,0,0,1,0,0,0,0,0,0,0,0,0,1,2013,57,32.7,69.1,46.9,0.72819216182048
"121",0,0,0,0,0,0,0,0,1,0,0,0,0,0,0,0,1,0,0,2013,58.9,41.2,72,48.9,0.739570164348925
"122",0,0,0,0,0,0,0,0,1,0,0,0,1,0,0,0,0,0,0,2013,56.6,37.9,66,51.1,0.867256637168142
"123",0,0,0,0,0,0,0,0,1,0,0,0,0,0,1,0,0,0,0,2013,54.7,41.4,69.1,48,0.733249051833123
"124",0,0,0,0,0,0,0,0,1,0,0,0,0,0,0,1,0,0,0,2013,52.1,38.7,63,46.9,0.651074589127686
"125",0,0,0,0,0,0,0,0,1,0,0,0,0,1,0,0,0,0,0,2013,55.4,44.7,69.1,46,0.709228824273072
"126",0,0,0,0,0,0,0,0,1,0,0,0,0,0,0,0,0,1,0,2013,60.9,50.8,73.9,52,0.748419721871049
"127",0,0,0,0,0,0,0,0,1,0,0,0,0,0,0,0,0,0,1,2013,60.3,56.6,66,57,0.783817951959545
"128",0,0,0,0,0,0,0,0,1,0,0,0,0,0,0,0,1,0,0,2013,58.9,54.2,68,54,0.761061946902655
"129",0,0,0,0,0,0,0,0,1,0,0,0,1,0,0,0,0,0,0,2013,66.9,54,79,59,0.882427307206068
"130",0,0,0,0,0,0,0,0,1,0,0,0,0,0,1,0,0,0,0,2013,64.4,60.1,70,61,0.661188369152971
"131",0,0,0,0,0,0,0,0,1,0,0,0,0,0,0,1,0,0,0,2013,62.6,45.3,70,57,0.666245259165613
"132",0,0,0,0,0,0,0,0,1,0,0,0,0,1,0,0,0,0,0,2013,51.7,26.7,59,46,0.729456384323641
"133",0,0,0,0,0,0,0,0,1,0,0,0,0,0,0,0,0,1,0,2013,51.1,27.2,61,42.1,0.714285714285714
"134",0,0,0,0,0,0,0,0,1,0,0,0,0,0,0,0,0,0,1,2013,58,39.9,66.9,52,0.672566371681416
"135",0,0,0,0,0,0,0,0,1,0,0,0,0,0,0,0,1,0,0,2013,69.5,51,79,62.1,0.706700379266751
"136",0,0,0,0,0,0,0,0,1,0,0,0,1,0,0,0,0,0,0,2013,66.4,40.2,72,57.9,0.936788874841972
"137",0,0,0,0,0,0,0,0,1,0,0,0,0,0,1,0,0,0,0,2013,61,46.6,66.9,55.9,0.639696586599241
"138",0,0,0,0,0,0,0,0,1,0,0,0,0,0,0,1,0,0,0,2013,57.3,53.4,60.1,55,0.687737041719343
"139",0,0,0,0,0,0,0,0,1,0,0,0,0,1,0,0,0,0,0,2013,65,60,77,57.2,0.830594184576485
"140",0,0,0,0,0,0,0,0,1,0,0,0,0,0,0,0,0,1,0,2013,75.9,65.2,86,68,0.881163084702908
"141",0,0,0,0,0,0,0,0,1,0,0,0,0,0,0,0,0,0,1,2013,71,63.4,81,59,0.720606826801517
"142",0,0,0,0,0,0,0,0,1,0,0,0,0,0,0,0,1,0,0,2013,71.5,66.2,80.1,66,0.929203539823009
"143",0,0,0,0,0,0,0,0,1,0,0,0,1,0,0,0,0,0,0,2013,59.6,57,66.2,46.9,0.844500632111252
"144",0,0,0,0,0,0,0,0,1,0,0,0,0,0,1,0,0,0,0,2013,48.1,41.7,53.1,44.6,0.649810366624526
"145",0,0,0,0,0,0,0,0,1,0,0,0,0,0,0,1,0,0,0,2013,55.5,35.6,66,48,0.575221238938053
"146",0,0,0,0,0,0,0,0,1,0,0,0,0,1,0,0,0,0,0,2013,61.7,34.9,73,51.1,0.530973451327434
"147",0,0,0,0,0,0,0,0,1,0,0,0,0,0,0,0,0,1,0,2013,61.1,47.1,66.9,55.4,0.867256637168142
"148",0,0,0,0,0,0,0,0,1,0,0,0,0,0,0,0,0,0,1,2013,66.9,60.6,82,57.9,0.725663716814159
"149",0,0,0,0,0,0,0,0,1,0,0,0,0,0,0,0,1,0,0,2013,81,63.4,90,72,0.865992414664981
"150",0,0,0,0,0,0,0,0,1,0,0,0,1,0,0,0,0,0,0,2013,83,63.4,90,75,0.930467762326169
"151",0,0,0,0,0,0,1,0,0,0,0,0,0,0,1,0,0,0,0,2013,80.8,64.1,90,73.9,0.797724399494311
"152",0,0,0,0,0,0,1,0,0,0,0,0,0,0,0,1,0,0,0,2013,80.1,65.9,88,73,0.615676359039191
"153",0,0,0,0,0,0,1,0,0,0,0,0,0,1,0,0,0,0,0,2013,72.2,67.3,82,68,0.893805309734513
"154",0,0,0,0,0,0,1,0,0,0,0,0,0,0,0,0,0,1,0,2013,66.1,45.6,75,57,0.774968394437421
"155",0,0,0,0,0,0,1,0,0,0,0,0,0,0,0,0,0,0,1,2013,66,41.7,73.9,57.9,0.757269279393173
"156",0,0,0,0,0,0,1,0,0,0,0,0,0,0,0,0,1,0,0,2013,63.8,53.8,70,59,0.764854614412137
"157",0,0,0,0,0,0,1,0,0,0,0,0,1,0,0,0,0,0,0,2013,61.5,59.4,64,59,1
"158",0,0,0,0,0,0,1,0,0,0,0,0,0,0,1,0,0,0,0,2013,64.9,58.9,77,57,0.721871049304678
"159",0,0,0,0,0,0,1,0,0,0,0,0,0,0,0,1,0,0,0,2013,71.7,57.6,80.1,63,0.673830594184576
"160",0,0,0,0,0,0,1,0,0,0,0,0,0,1,0,0,0,0,0,2013,67.7,62.1,75,64,0.788874841972187
"161",0,0,0,0,0,0,1,0,0,0,0,0,0,0,0,0,0,1,0,2013,69.6,63.6,78.1,62.1,0.802781289506953
"162",0,0,0,0,0,0,1,0,0,0,0,0,0,0,0,0,0,0,1,2013,70.9,53.2,75.9,64.9,0.777496839443742
"163",0,0,0,0,0,0,1,0,0,0,0,0,0,0,0,0,1,0,0,2013,65.7,55.6,73.9,60.1,0.675094816687737
"164",0,0,0,0,0,0,1,0,0,0,0,0,1,0,0,0,0,0,0,2013,59.9,53.8,72,53.1,0.876106194690266
"165",0,0,0,0,0,0,1,0,0,0,0,0,0,0,1,0,0,0,0,2013,69.4,52,80.1,61,0.753476611883692
"166",0,0,0,0,0,0,1,0,0,0,0,0,0,0,0,1,0,0,0,2013,72.8,53.8,80.1,64.9,0.603034134007585
"167",0,0,0,0,0,0,1,0,0,0,0,0,0,1,0,0,0,0,0,2013,75.3,63.4,84,69.1,0.776232616940582
"168",0,0,0,0,0,0,1,0,0,0,0,0,0,0,0,0,0,1,0,2013,72.8,63.8,84,64.9,0.774968394437421
"169",0,0,0,0,0,0,1,0,0,0,0,0,0,0,0,0,0,0,1,2013,67.4,54.4,77,59,0.786346396965866
"170",0,0,0,0,0,0,1,0,0,0,0,0,0,0,0,0,1,0,0,2013,69.6,52.4,80.1,62.1,0.860935524652339
"171",0,0,0,0,0,0,1,0,0,0,0,0,1,0,0,0,0,0,0,2013,71.6,51.6,82,64,0.872313527180784
"172",0,0,0,0,0,0,1,0,0,0,0,0,0,0,1,0,0,0,0,2013,72.4,54,84,64.9,0.757269279393173
"173",0,0,0,0,0,0,1,0,0,0,0,0,0,0,0,1,0,0,0,2013,76.1,62.6,88,70,0.638432364096081
"174",0,0,0,0,0,0,1,0,0,0,0,0,0,1,0,0,0,0,0,2013,80.6,68.1,90,73.4,0.859671302149178
"175",0,0,0,0,0,0,1,0,0,0,0,0,0,0,0,0,0,1,0,2013,80.9,64.9,91,73,0.81921618204804
"176",0,0,0,0,0,0,1,0,0,0,0,0,0,0,0,0,0,0,1,2013,79.4,65.6,84.9,73.9,0.785082174462705
"177",0,0,0,0,0,0,1,0,0,0,0,0,0,0,0,0,1,0,0,2013,78.1,68.7,86,73.9,0.756005056890013
"178",0,0,0,0,0,0,1,0,0,0,0,0,1,0,0,0,0,0,0,2013,77.1,69.4,84.9,73,0.768647281921618
"179",0,0,0,0,0,0,1,0,0,0,0,0,0,0,1,0,0,0,0,2013,76.2,65.9,82.9,71.1,0.747155499367889
"180",0,0,0,0,0,0,1,0,0,0,0,0,0,0,0,1,0,0,0,2013,77.5,70.8,84,73.9,0.534766118836915
"181",0,0,0,0,0,1,0,0,0,0,0,0,0,1,0,0,0,0,0,2013,74.2,71,77,72,0.800252844500632
"182",0,0,0,0,0,1,0,0,0,0,0,0,0,0,0,0,0,1,0,2013,75.6,71.7,82,72,0.759797724399494
"183",0,0,0,0,0,1,0,0,0,0,0,0,0,0,0,0,0,0,1,2013,76,71.4,82.9,73,0.802781289506953
"184",0,0,0,0,0,1,0,0,0,0,0,0,0,0,0,0,1,0,0,2013,79.5,72.8,87.1,75,0.553729456384324
"185",0,0,0,0,0,1,0,0,0,0,0,0,1,0,0,0,0,0,0,2013,82.3,70.7,90,75.9,0.72819216182048
"186",0,0,0,0,0,1,0,0,0,0,0,0,0,0,1,0,0,0,0,2013,84.6,70.1,91.9,78.1,0.652338811630847
"187",0,0,0,0,0,1,0,0,0,0,0,0,0,0,0,1,0,0,0,2013,85.6,70.7,91.9,80.1,0.600505689001264
"188",0,0,0,0,0,1,0,0,0,0,0,0,0,1,0,0,0,0,0,2013,81.3,65.8,89.1,73,0.780025284450063
"189",0,0,0,0,0,1,0,0,0,0,0,0,0,0,0,0,0,1,0,2013,78.8,67.2,88,73.9,0.737041719342604
"190",0,0,0,0,0,1,0,0,0,0,0,0,0,0,0,0,0,0,1,2013,79.4,70.5,84.9,73.9,0.776232616940582
"191",0,0,0,0,0,1,0,0,0,0,0,0,0,0,0,0,1,0,0,2013,80.6,68.7,84,75.9,0.695322376738306
"192",0,0,0,0,0,1,0,0,0,0,0,0,1,0,0,0,0,0,0,2013,75,62.6,82,72,0.757269279393173
"193",0,0,0,0,0,1,0,0,0,0,0,0,0,0,1,0,0,0,0,2013,72.2,68.9,81,66.9,0.72692793931732
"194",0,0,0,0,0,1,0,0,0,0,0,0,0,0,0,1,0,0,0,2013,80.3,71.5,88,73.4,0.595448798988622
"195",0,0,0,0,0,1,0,0,0,0,0,0,0,1,0,0,0,0,0,2013,85.3,69.7,93.9,78.1,0.734513274336283
"196",0,0,0,0,0,1,0,0,0,0,0,0,0,0,0,0,0,1,0,2013,85.9,66.3,93.9,77,0.735777496839444
"197",0,0,0,0,0,1,0,0,0,0,0,0,0,0,0,0,0,0,1,2013,86.7,66.3,97,79,0.769911504424779
"198",0,0,0,0,0,1,0,0,0,0,0,0,0,0,0,0,1,0,0,2013,88.2,68.6,98.1,81,0.804045512010114
"199",0,0,0,0,0,1,0,0,0,0,0,0,1,0,0,0,0,0,0,2013,89.1,72.1,96.1,82.9,0.881163084702908
"200",0,0,0,0,0,1,0,0,0,0,0,0,0,0,1,0,0,0,0,2013,86.7,70.1,93,81,0.696586599241466
"201",0,0,0,0,0,1,0,0,0,0,0,0,0,0,0,1,0,0,0,2013,82.3,63.7,89.1,78.1,0.565107458912769
"202",0,0,0,0,0,1,0,0,0,0,0,0,0,1,0,0,0,0,0,2013,78.2,70,86,75,0.747155499367889
"203",0,0,0,0,0,1,0,0,0,0,0,0,0,0,0,0,0,1,0,2013,78.7,71.4,87.1,73,0.721871049304678
"204",0,0,0,0,0,1,0,0,0,0,0,0,0,0,0,0,0,0,1,2013,78.5,64.5,82.9,75,0.721871049304678
"205",0,0,0,0,0,1,0,0,0,0,0,0,0,0,0,0,1,0,0,2013,67.3,52.3,78.1,64,0.640960809102402
"206",0,0,0,0,0,1,0,0,0,0,0,0,1,0,0,0,0,0,0,2013,72.2,57.5,82.9,64,0.780025284450063
"207",0,0,0,0,0,1,0,0,0,0,0,0,0,0,1,0,0,0,0,2013,75.2,61.2,82,70,0.652338811630847
"208",0,0,0,0,0,1,0,0,0,0,0,0,0,0,0,1,0,0,0,2013,73.3,65.2,78.1,70,0.61314791403287
"209",0,0,0,0,0,1,0,0,0,0,0,0,0,1,0,0,0,0,0,2013,75.1,64.9,84.9,69.1,0.754740834386852
"210",0,0,0,0,0,1,0,0,0,0,0,0,0,0,0,0,0,1,0,2013,74.4,53.3,82.9,66.9,0.738305941845765
"211",0,0,0,0,0,1,0,0,0,0,0,0,0,0,0,0,0,0,1,2013,74.1,56.3,82.9,66.9,0.699115044247788
"212",0,1,0,0,0,0,0,0,0,0,0,0,0,0,0,0,1,0,0,2013,71.5,62.8,82.9,66,0.812895069532238
"213",0,1,0,0,0,0,0,0,0,0,0,0,1,0,0,0,0,0,0,2013,73.6,62.9,82.9,66.9,0.791403286978508
"214",0,1,0,0,0,0,0,0,0,0,0,0,0,0,1,0,0,0,0,2013,73.4,60,82.9,66.9,0.621997471554994
"215",0,1,0,0,0,0,0,0,0,0,0,0,0,0,0,1,0,0,0,2013,73.2,56,80.1,66,0.573957016434892
"216",0,1,0,0,0,0,0,0,0,0,0,0,0,1,0,0,0,0,0,2013,70.2,47,80.1,62.1,0.689001264222503
"217",0,1,0,0,0,0,0,0,0,0,0,0,0,0,0,0,0,1,0,2013,72.1,52.5,82,62.1,0.686472819216182
"218",0,1,0,0,0,0,0,0,0,0,0,0,0,0,0,0,0,0,1,2013,73.4,60.5,82,64,0.642225031605563
"219",0,1,0,0,0,0,0,0,0,0,0,0,0,0,0,0,1,0,0,2013,73.8,69.3,81,70,0.694058154235145
"220",0,1,0,0,0,0,0,0,0,0,0,0,1,0,0,0,0,0,0,2013,77,71.9,84.9,70,0.731984829329962
"221",0,1,0,0,0,0,0,0,0,0,0,0,0,0,1,0,0,0,0,2013,77.2,62.8,84.9,70,0.625790139064475
"222",0,1,0,0,0,0,0,0,0,0,0,0,0,0,0,1,0,0,0,2013,73.5,53,82.9,64.9,0.608091024020228
"223",0,1,0,0,0,0,0,0,0,0,0,0,0,1,0,0,0,0,0,2013,74.5,64.2,82,64.9,0.656131479140329
"224",0,1,0,0,0,0,0,0,0,0,0,0,0,0,0,0,0,1,0,2013,73.2,67.2,82,68,0.697850821744627
"225",0,1,0,0,0,0,0,0,0,0,0,0,0,0,0,0,0,0,1,2013,68.3,52.3,73.9,61,0.786346396965866
"226",0,1,0,0,0,0,0,0,0,0,0,0,0,0,0,0,1,0,0,2013,68.6,47.5,77,59,0.757269279393173
"227",0,1,0,0,0,0,0,0,0,0,0,0,1,0,0,0,0,0,0,2013,70.9,51.5,82,59,0.857142857142857
"228",0,1,0,0,0,0,0,0,0,0,0,0,0,0,1,0,0,0,0,2013,72.6,53.5,84,64,0.63716814159292
"229",0,1,0,0,0,0,0,0,0,0,0,0,0,0,0,1,0,0,0,2013,72.1,54.6,84,64,0.558786346396966
"230",0,1,0,0,0,0,0,0,0,0,0,0,0,1,0,0,0,0,0,2013,72.1,58.2,79,66,0.584070796460177
"231",0,1,0,0,0,0,0,0,0,0,0,0,0,0,0,0,0,1,0,2013,76.6,61.9,88,66,0.685208596713021
"232",0,1,0,0,0,0,0,0,0,0,0,0,0,0,0,0,0,0,1,2013,80.1,61.4,90,68,0.710493046776233
"233",0,1,0,0,0,0,0,0,0,0,0,0,0,0,0,0,1,0,0,2013,75.6,68.8,90,71.1,0.730720606826802
"234",0,1,0,0,0,0,0,0,0,0,0,0,1,0,0,0,0,0,0,2013,75.5,60.8,82,71.1,0.804045512010114
"235",0,1,0,0,0,0,0,0,0,0,0,0,0,0,1,0,0,0,0,2013,72,49.8,82,64.9,0.666245259165613
"236",0,1,0,0,0,0,0,0,0,0,0,0,0,0,0,1,0,0,0,2013,72.8,53.9,82.9,64,0.580278128950695
"237",0,1,0,0,0,0,0,0,0,0,0,0,0,1,0,0,0,0,0,2013,74.5,56.8,84,64,0.65865992414665
"238",0,1,0,0,0,0,0,0,0,0,0,0,0,0,0,0,0,1,0,2013,77.8,66.1,87.1,68,0.639696586599241
"239",0,1,0,0,0,0,0,0,0,0,0,0,0,0,0,0,0,0,1,2013,76.4,68,87.1,71.1,0.609355246523388
"240",0,1,0,0,0,0,0,0,0,0,0,0,0,0,0,0,1,0,0,2013,73.8,67.5,86,71.1,0.723135271807838
"241",0,1,0,0,0,0,0,0,0,0,0,0,1,0,0,0,0,0,0,2013,75.1,64.3,84,69.8,0.757269279393173
"242",0,1,0,0,0,0,0,0,0,0,0,0,0,0,1,0,0,0,0,2013,78.3,68.8,86,70,0.606826801517067
"243",0,0,0,0,0,0,0,0,0,0,0,1,0,0,0,1,0,0,0,2013,78.9,70.1,86,73,0.606826801517067
"244",0,0,0,0,0,0,0,0,0,0,0,1,0,1,0,0,0,0,0,2013,76.9,71.8,84,73.9,0.5448798988622
"245",0,0,0,0,0,0,0,0,0,0,0,1,0,0,0,0,0,1,0,2013,75.7,64.8,82,71.1,0.696586599241466
"246",0,0,0,0,0,0,0,0,0,0,0,1,0,0,0,0,0,0,1,2013,72.7,54,82,64.9,0.763590391908976
"247",0,0,0,0,0,0,0,0,0,0,0,1,0,0,0,0,1,0,0,2013,73,51.4,82,64.9,0.623261694058154
"248",0,0,0,0,0,0,0,0,0,0,0,1,1,0,0,0,0,0,0,2013,64.7,39.9,80.1,57,0.662452591656131
"249",0,0,0,0,0,0,0,0,0,0,0,1,0,0,1,0,0,0,0,2013,67.8,45.9,80.1,57,0.739570164348925
"250",0,0,0,0,0,0,0,0,0,0,0,1,0,0,0,1,0,0,0,2013,73.7,52.8,82.9,59,0.632111251580278
"251",0,0,0,0,0,0,0,0,0,0,0,1,0,1,0,0,0,0,0,2013,65.3,45.6,82.9,57,0.798988621997472
"252",0,0,0,0,0,0,0,0,0,0,0,1,0,0,0,0,0,1,0,2013,74.9,63.7,87.1,57,0.79519595448799
"253",0,0,0,0,0,0,0,0,0,0,0,1,0,0,0,0,0,0,1,2013,84.4,70.9,96.1,68,0.72819216182048
"254",0,0,0,0,0,0,0,0,0,0,0,1,0,0,0,0,1,0,0,2013,80,69.8,86,70,0.878634639696587
"255",0,0,0,0,0,0,0,0,0,0,0,1,1,0,0,0,0,0,0,2013,70.1,61.5,87.1,66.9,0.824273072060683
"256",0,0,0,0,0,0,0,0,0,0,0,1,0,0,1,0,0,0,0,2013,60.3,44.5,77,54,0.656131479140329
"257",0,0,0,0,0,0,0,0,0,0,0,1,0,0,0,1,0,0,0,2013,60.4,43.3,73,51.1,0.601769911504425
"258",0,0,0,0,0,0,0,0,0,0,0,1,0,1,0,0,0,0,0,2013,65.2,51.7,73,51.1,0.720606826801517
"259",0,0,0,0,0,0,0,0,0,0,0,1,0,0,0,0,0,1,0,2013,57.8,38.3,73,50,0.792667509481669
"260",0,0,0,0,0,0,0,0,0,0,0,1,0,0,0,0,0,0,1,2013,60,41.9,72,50,0.721871049304678
"261",0,0,0,0,0,0,0,0,0,0,0,1,0,0,0,0,1,0,0,2013,64.3,47.4,78.1,51.1,0.677623261694058
"262",0,0,0,0,0,0,0,0,0,0,0,1,1,0,0,0,0,0,0,2013,67.6,53.9,79,55,0.797724399494311
"263",0,0,0,0,0,0,0,0,0,0,0,1,0,0,1,0,0,0,0,2013,67.7,59.5,79,60.1,0.690265486725664
"264",0,0,0,0,0,0,0,0,0,0,0,1,0,0,0,1,0,0,0,2013,65.3,53.6,77,59,0.739570164348925
"265",0,0,0,0,0,0,0,0,0,0,0,1,0,1,0,0,0,0,0,2013,57.5,39.8,69.1,50,0.835651074589128
"266",0,0,0,0,0,0,0,0,0,0,0,1,0,0,0,0,0,1,0,2013,58.4,40.3,73,46.9,0.777496839443742
"267",0,0,0,0,0,0,0,0,0,0,0,1,0,0,0,0,0,0,1,2013,62.5,43.4,73,46.9,0.68141592920354
"268",0,0,0,0,0,0,0,0,0,0,0,1,0,0,0,0,1,0,0,2013,63,52.3,73,52,0.652338811630847
"269",0,0,0,0,0,0,0,0,0,0,0,1,1,0,0,0,0,0,0,2013,61.8,50.8,71.1,57,0.699115044247788
"270",0,0,0,0,0,0,0,0,0,0,0,1,0,0,1,0,0,0,0,2013,64.1,49.4,73,55.9,0.691529709228824
"271",0,0,0,0,0,0,0,0,0,0,0,1,0,0,0,1,0,0,0,2013,63.7,52.2,73,55.9,0.639696586599241
"272",0,0,0,0,0,0,0,0,0,0,0,1,0,1,0,0,0,0,0,2013,63.1,50.7,75,55.9,0.764854614412137
"273",0,0,0,0,0,0,0,0,0,0,1,0,0,0,0,0,0,1,0,2013,68.2,52.1,82,55.9,0.778761061946903
"274",0,0,0,0,0,0,0,0,0,0,1,0,0,0,0,0,0,0,1,2013,72.7,55.9,82.9,59,0.81795195954488
"275",0,0,0,0,0,0,0,0,0,0,1,0,0,0,0,0,1,0,0,2013,71.7,54.7,82.9,63,0.745891276864728
"276",0,0,0,0,0,0,0,0,0,0,1,0,1,0,0,0,0,0,0,2013,73.5,59.7,86,63,0.831858407079646
"277",0,0,0,0,0,0,0,0,0,0,1,0,0,0,1,0,0,0,0,2013,69.5,61.5,86,64,0.628318584070796
"278",0,0,0,0,0,0,0,0,0,0,1,0,0,0,0,1,0,0,0,2013,67.2,63.1,75.9,64,0.510745891276865
"279",0,0,0,0,0,0,0,0,0,0,1,0,0,1,0,0,0,0,0,2013,69.6,64.7,75.9,62.1,0.781289506953224
"280",0,0,0,0,0,0,0,0,0,0,1,0,0,0,0,0,0,1,0,2013,60.8,43.9,75.9,54,0.725663716814159
"281",0,0,0,0,0,0,0,0,0,0,1,0,0,0,0,0,0,0,1,2013,58.3,42.3,66.9,53.1,0.668773704171934
"282",0,0,0,0,0,0,0,0,0,0,1,0,0,0,0,0,1,0,0,2013,58.4,48.4,64.9,53.1,0.706700379266751
"283",0,0,0,0,0,0,0,0,0,0,1,0,1,0,0,0,0,0,0,2013,63.3,54.4,68,54,0.785082174462705
"284",0,0,0,0,0,0,0,0,0,0,1,0,0,0,1,0,0,0,0,2013,65.2,45.7,72,60.1,0.702907711757269
"285",0,0,0,0,0,0,0,0,0,0,1,0,0,0,0,1,0,0,0,2013,60.3,49.4,72,55.9,0.634639696586599
"286",0,0,0,0,0,0,0,0,0,0,1,0,0,1,0,0,0,0,0,2013,58.2,46.2,66,52,0.556257901390645
"287",0,0,0,0,0,0,0,0,0,0,1,0,0,0,0,0,0,1,0,2013,60,49.6,72,52,0.777496839443742
"288",0,0,0,0,0,0,0,0,0,0,1,0,0,0,0,0,0,0,1,2013,60.6,51.9,72,53.1,0.692793931731985
"289",0,0,0,0,0,0,0,0,0,0,1,0,0,0,0,0,1,0,0,2013,65.3,58.1,73,62.1,0.725663716814159
"290",0,0,0,0,0,0,0,0,0,0,1,0,1,0,0,0,0,0,0,2013,63.5,47.6,73,57,0.859671302149178
"291",0,0,0,0,0,0,0,0,0,0,1,0,0,0,1,0,0,0,0,2013,58.3,42,68,52,0.595448798988622
"292",0,0,0,0,0,0,0,0,0,0,1,0,0,0,0,1,0,0,0,2013,57.4,39.6,64,50,0.619469026548673
"293",0,0,0,0,0,0,0,0,0,0,1,0,0,1,0,0,0,0,0,2013,57.4,35.5,66,50,0.778761061946903
"294",0,0,0,0,0,0,0,0,0,0,1,0,0,0,0,0,0,1,0,2013,59.5,44.8,66.9,50,0.6826801517067
"295",0,0,0,0,0,0,0,0,0,0,1,0,0,0,0,0,0,0,1,2013,51.8,35.1,66.9,48,0.70543615676359
"296",0,0,0,0,0,0,0,0,0,0,1,0,0,0,0,0,1,0,0,2013,47.4,29.5,54,42.1,0.798988621997472
"297",0,0,0,0,0,0,0,0,0,0,1,0,1,0,0,0,0,0,0,2013,46.3,27.4,54,39.9,0.81795195954488
"298",0,0,0,0,0,0,0,0,0,0,1,0,0,0,1,0,0,0,0,2013,47.9,29,54,42.1,0.791403286978508
"299",0,0,0,0,0,0,0,0,0,0,1,0,0,0,0,1,0,0,0,2013,52.1,28.9,57.9,41,0.647281921618205
"300",0,0,0,0,0,0,0,0,0,0,1,0,0,1,0,0,0,0,0,2013,51.5,29.6,61,43,0.783817951959545
"301",0,0,0,0,0,0,0,0,0,0,1,0,0,0,0,0,0,1,0,2013,50.2,30,61,43,0.758533501896334
"302",0,0,0,0,0,0,0,0,0,0,1,0,0,0,0,0,0,0,1,2013,52.8,39,60.1,44.1,0.70543615676359
"303",0,0,0,0,0,0,0,0,0,0,1,0,0,0,0,0,1,0,0,2013,59.7,52.7,64.9,46.9,0.777496839443742
"304",0,0,0,0,0,0,0,0,0,1,0,0,1,0,0,0,0,0,0,2013,66.2,56.7,70,53.1,0.897597977243995
"305",0,0,0,0,0,0,0,0,0,1,0,0,0,0,1,0,0,0,0,2013,61.3,46.6,70,55,0.696586599241466
"306",0,0,0,0,0,0,0,0,0,1,0,0,0,0,0,1,0,0,0,2013,49.6,32.9,68,41,0.524652338811631
"307",0,0,0,0,0,0,0,0,0,1,0,0,0,1,0,0,0,0,0,2013,39.4,15.9,55,35.1,0.831858407079646
"308",0,0,0,0,0,0,0,0,0,1,0,0,0,0,0,0,0,1,0,2013,46.8,30.4,55,35.1,0.644753476611884
"309",0,0,0,0,0,0,0,0,0,1,0,0,0,0,0,0,0,0,1,2013,54.4,42.1,61,41,0.802781289506953
"310",0,0,0,0,0,0,0,0,0,1,0,0,0,0,0,0,1,0,0,2013,57.8,51,63,48,0.816687737041719
"311",0,0,0,0,0,0,0,0,0,1,0,0,1,0,0,0,0,0,0,2013,45,26.7,48,39.9,0.862199747155499
"312",0,0,0,0,0,0,0,0,0,1,0,0,0,0,1,0,0,0,0,2013,43.7,24.2,50,37.9,0.721871049304678
"313",0,0,0,0,0,0,0,0,0,1,0,0,0,0,0,1,0,0,0,2013,49.6,31.1,60.1,37.9,0.599241466498104
"314",0,0,0,0,0,0,0,0,0,1,0,0,0,1,0,0,0,0,0,2013,48.2,25,61,43,0.576485461441214
"315",0,0,0,0,0,0,0,0,0,1,0,0,0,0,0,0,0,1,0,2013,42.8,24.9,52,34,0.81795195954488
"316",0,0,0,0,0,0,0,0,0,1,0,0,0,0,0,0,0,0,1,2013,33.1,12.9,39,28.9,0.74968394437421
"317",0,0,0,0,0,0,0,0,0,1,0,0,0,0,0,0,1,0,0,2013,40.7,15.2,52,33.1,0.783817951959545
"318",0,0,0,0,0,0,0,0,0,1,0,0,1,0,0,0,0,0,0,2013,50,20.2,57,33.1,0.780025284450063
"319",0,0,0,0,0,0,0,0,0,1,0,0,0,0,1,0,0,0,0,2013,52.3,35.5,60.1,44.1,0.77370417193426
"320",0,0,0,0,0,0,0,0,0,1,0,0,0,0,0,1,0,0,0,2013,54.6,49.8,60.1,45,0.672566371681416
"321",0,0,0,0,0,0,0,0,0,1,0,0,0,1,0,0,0,0,0,2013,60.4,45.5,64.9,51.1,0.7724399494311
"322",0,0,0,0,0,0,0,0,0,1,0,0,0,0,0,0,0,1,0,2013,47.1,23.1,64.9,39.9,0.758533501896334
"323",0,0,0,0,0,0,0,0,0,1,0,0,0,0,0,0,0,0,1,2013,37.5,16,51.1,32,0.767383059418458
"324",0,0,0,0,0,0,0,0,0,1,0,0,0,0,0,0,1,0,0,2013,42.1,24.8,51.1,32,0.793931731984829
"325",0,0,0,0,0,0,0,0,0,1,0,0,1,0,0,0,0,0,0,2013,52.8,43.7,57,35.1,0.887484197218711
"326",0,0,0,0,0,0,0,0,0,1,0,0,0,0,1,0,0,0,0,2013,46.3,27.8,57,39,0.677623261694058
"327",0,0,0,0,0,0,0,0,0,1,0,0,0,0,0,1,0,0,0,2013,27.6,4.8,37.4,23,0.624525916561315
"328",0,0,0,0,0,0,0,0,0,1,0,0,0,1,0,0,0,0,0,2013,27.5,6.8,35.1,23,0.897597977243995
"329",0,0,0,0,0,0,0,0,0,1,0,0,0,0,0,0,0,0,1,2013,48.5,44.4,62.1,33.1,0.938053097345133
"330",0,0,0,0,0,0,0,0,0,1,0,0,0,0,0,0,1,0,0,2013,33.2,13.3,39.2,30,0.542351453855879
"331",0,0,0,0,0,0,0,0,0,1,0,0,1,0,0,0,0,0,0,2013,33.7,13.8,39,30,0.552465233881163
"332",0,0,0,0,0,0,0,0,0,1,0,0,0,0,1,0,0,0,0,2013,31.2,14.3,39,25,0.605562579013906
"333",0,0,1,0,0,0,0,0,0,0,0,0,0,0,0,1,0,0,0,2013,41.3,28.2,48.9,25,0.530973451327434
"334",0,0,1,0,0,0,0,0,0,0,0,0,0,1,0,0,0,0,0,2013,45.1,32.4,48.9,36,0.694058154235145
"335",0,0,1,0,0,0,0,0,0,0,0,0,0,0,0,0,0,1,0,2013,44.8,34.3,53.1,37.9,0.699115044247788
"336",0,0,1,0,0,0,0,0,0,0,0,0,0,0,0,0,0,0,1,2013,45.7,34.7,53.1,37.9,0.657395701643489
"337",0,0,1,0,0,0,0,0,0,0,0,0,0,0,0,0,1,0,0,2013,52.8,47,60.1,41,0.724399494310999
"338",0,0,1,0,0,0,0,0,0,0,0,0,1,0,0,0,0,0,0,2013,52.4,48.3,62.1,43,0.959544879898862
"339",0,0,1,0,0,0,0,0,0,0,0,0,0,0,1,0,0,0,0,2013,38.2,29.1,42.1,35.6,0.716814159292035
"340",0,0,1,0,0,0,0,0,0,0,0,0,0,0,0,1,0,0,0,2013,31.6,15.6,41,28.9,0.576485461441214
"341",0,0,1,0,0,0,0,0,0,0,0,0,0,1,0,0,0,0,0,2013,34.6,31.2,39,28.9,0.807838179519595
"342",0,0,1,0,0,0,0,0,0,0,0,0,0,0,0,0,0,1,0,2013,35.7,30.2,39,30.9,0.68141592920354
"343",0,0,1,0,0,0,0,0,0,0,0,0,0,0,0,0,0,0,1,2013,30.1,14.1,37,27,0.764854614412137
"344",0,0,1,0,0,0,0,0,0,0,0,0,0,0,0,0,1,0,0,2013,26.8,8,33.1,23,0.81921618204804
"345",0,0,1,0,0,0,0,0,0,0,0,0,1,0,0,0,0,0,0,2013,27.8,7.7,35.1,23,0.878634639696587
"346",0,0,1,0,0,0,0,0,0,0,0,0,0,0,1,0,0,0,0,2013,28.2,17.5,34,21.2,0.872313527180784
"347",0,0,1,0,0,0,0,0,0,0,0,0,0,0,0,1,0,0,0,2013,33.1,27.5,39.9,21.9,0.56890012642225
"348",0,0,1,0,0,0,0,0,0,0,0,0,0,1,0,0,0,0,0,2013,30.3,12.7,39.9,26.1,0.809102402022756
"349",0,0,1,0,0,0,0,0,0,0,0,0,0,0,0,0,0,1,0,2013,27.3,16,32,24.8,0.888748419721871
"350",0,0,1,0,0,0,0,0,0,0,0,0,0,0,0,0,0,0,1,2013,28.9,18.3,37,23,0.88621997471555
"351",0,0,1,0,0,0,0,0,0,0,0,0,0,0,0,0,1,0,0,2013,36.5,20.7,45,23,0.767383059418458
"352",0,0,1,0,0,0,0,0,0,0,0,0,1,0,0,0,0,0,0,2013,46.8,28.4,53.1,30,0.852085967130215
"353",0,0,1,0,0,0,0,0,0,0,0,0,0,0,1,0,0,0,0,2013,55.4,44.4,63,41,0.75094816687737
"354",0,0,1,0,0,0,0,0,0,0,0,0,0,0,0,1,0,0,0,2013,65.5,55.4,71.1,51.1,0.638432364096081
"355",0,0,1,0,0,0,0,0,0,0,0,0,0,1,0,0,0,0,0,2013,59.8,54,71.1,52,0.893805309734513
"356",0,0,1,0,0,0,0,0,0,0,0,0,0,0,0,0,0,1,0,2013,38.8,23.9,64,34,0.651074589127686
"357",0,0,1,0,0,0,0,0,0,0,0,0,0,0,0,0,1,0,0,2013,31.9,18.7,35.1,28,0.541087231352718
"358",0,0,1,0,0,0,0,0,0,0,0,0,1,0,0,0,0,0,0,2013,35.2,18.7,39.9,32,0.601769911504425
"359",0,0,1,0,0,0,0,0,0,0,0,0,0,0,1,0,0,0,0,2013,43,22,55,30.9,0.600505689001264
"360",0,0,1,0,0,0,0,0,0,0,0,0,0,0,0,1,0,0,0,2013,45.9,30.4,55,36,0.498103666245259
"361",0,0,1,0,0,0,0,0,0,0,0,0,0,1,0,0,0,0,0,2013,39.8,29.2,48,28.9,0.601769911504425
"362",0,0,1,0,0,0,0,0,0,0,0,0,0,0,0,0,0,1,0,2013,26,10.4,45,21,0.587863463969659
"363",0,0,0,0,1,0,0,0,0,0,0,0,0,0,0,0,0,0,1,2014,28.2,10.7,33.1,21,0.503787878787879
"364",0,0,0,0,1,0,0,0,0,0,0,0,0,0,0,0,1,0,0,2014,28.5,19.6,33.1,24.1,0.761363636363636
"365",0,0,0,0,1,0,0,0,0,0,0,0,1,0,0,0,0,0,0,2014,15.6,6.7,24.8,10,0.534090909090909
"366",0,0,0,0,1,0,0,0,0,0,0,0,0,0,1,0,0,0,0,2014,15.8,-1.4,28,8.1,0.527777777777778
"367",0,0,0,0,1,0,0,0,0,0,0,0,0,1,0,0,0,0,0,2014,45.6,39.8,55,35.6,0.654040404040404
"368",0,0,0,0,1,0,0,0,0,0,0,0,0,0,0,0,0,1,0,2014,12.3,-8,36,3.9,0.619949494949495
"369",0,0,0,0,1,0,0,0,0,0,0,0,0,0,0,0,0,0,1,2014,12.9,-5.1,21,9,0.777777777777778
"370",0,0,0,0,1,0,0,0,0,0,0,0,0,0,0,0,1,0,0,2014,25.3,5.4,32,9,0.708333333333333
"371",0,0,0,0,1,0,0,0,0,0,0,0,1,0,0,0,0,0,0,2014,32.3,22.6,36,21.9,0.842171717171717
"372",0,0,0,0,1,0,0,0,0,0,0,0,0,0,1,0,0,0,0,2014,47.7,45.2,57.9,30,0.587121212121212
"373",0,0,0,0,1,0,0,0,0,0,0,0,0,0,0,1,0,0,0,2014,47.6,33.8,57.9,37,0.48989898989899
"374",0,0,0,0,1,0,0,0,0,0,0,0,0,1,0,0,0,0,0,2014,42.7,29.3,54,37,0.717171717171717
"375",0,0,0,0,1,0,0,0,0,0,0,0,0,0,0,0,0,1,0,2014,48.3,40,52,37,0.705808080808081
"376",0,0,0,0,1,0,0,0,0,0,0,0,0,0,0,0,0,0,1,2014,42.6,37.5,46.9,39.2,0.736111111111111
"377",0,0,0,0,1,0,0,0,0,0,0,0,0,0,0,0,1,0,0,2014,39.4,32.7,41,36.1,0.657828282828283
"378",0,0,0,0,1,0,0,0,0,0,0,0,1,0,0,0,0,0,0,2014,37.8,23.5,44.6,32.7,0.743686868686869
"379",0,0,0,0,1,0,0,0,0,0,0,0,0,0,1,0,0,0,0,2014,37.6,26.9,41,32,0.565656565656566
"380",0,0,0,0,1,0,0,0,0,0,0,0,0,0,0,1,0,0,0,2014,29.1,16,35.6,24.8,0.47979797979798
"381",0,0,0,0,1,0,0,0,0,0,0,0,0,1,0,0,0,0,0,2014,39,21.1,44.6,35.6,0.454545454545455
"382",0,0,0,0,1,0,0,0,0,0,0,0,0,0,0,0,0,0,1,2014,12.3,0,17.6,6.8,0.628787878787879
"383",0,0,0,0,1,0,0,0,0,0,0,0,0,0,0,0,1,0,0,2014,13.1,-2.3,19.4,8.6,0.772727272727273
"384",0,0,0,0,1,0,0,0,0,0,0,0,1,0,0,0,0,0,0,2014,14.7,-3.6,19.4,10.4,0.890151515151515
"385",0,0,0,0,1,0,0,0,0,0,0,0,0,0,1,0,0,0,0,2014,21.8,6.6,28,15.8,0.599747474747475
"386",0,0,0,0,1,0,0,0,0,0,0,0,0,0,0,1,0,0,0,2014,21.4,5.3,28,17.1,0.587121212121212
"387",0,0,0,0,1,0,0,0,0,0,0,0,0,1,0,0,0,0,0,2014,34.8,17.4,44.1,25,0.64520202020202
"388",0,0,0,0,1,0,0,0,0,0,0,0,0,0,0,0,0,1,0,2014,17.8,-7.2,26.1,12.9,0.636363636363636
"389",0,0,0,0,1,0,0,0,0,0,0,0,0,0,0,0,0,0,1,2014,17.4,-2.4,23,12,0.819444444444444
"390",0,0,0,0,1,0,0,0,0,0,0,0,0,0,0,0,1,0,0,2014,21.2,0.2,30,14,0.829545454545455
"391",0,0,0,0,1,0,0,0,0,0,0,0,1,0,0,0,0,0,0,2014,30.7,9.9,39,16,0.707070707070707
"392",0,0,0,1,0,0,0,0,0,0,0,0,0,0,1,0,0,0,0,2014,39.1,17.2,44.1,25,0.640151515151515
"393",0,0,0,1,0,0,0,0,0,0,0,0,0,0,0,1,0,0,0,2014,45.1,34.2,55.9,36,0.526515151515151
"394",0,0,0,1,0,0,0,0,0,0,0,0,0,0,0,0,0,1,0,2014,28.3,20.9,42.8,21.9,0.773989898989899
"395",0,0,0,1,0,0,0,0,0,0,0,0,0,0,0,0,0,0,1,2014,31.8,27.5,35.1,21.9,0.590909090909091
"396",0,0,0,1,0,0,0,0,0,0,0,0,0,0,0,0,1,0,0,2014,27.3,18.7,33.1,21.2,0.718434343434343
"397",0,0,0,1,0,0,0,0,0,0,0,0,1,0,0,0,0,0,0,2014,27.6,13.5,32,24.1,0.852272727272727
"398",0,0,0,1,0,0,0,0,0,0,0,0,0,0,1,0,0,0,0,2014,25.9,5,32,21,0.535353535353535
"399",0,0,0,1,0,0,0,0,0,0,0,0,0,0,0,1,0,0,0,2014,25.5,8.3,30.9,21,0.568181818181818
"400",0,0,0,1,0,0,0,0,0,0,0,0,0,1,0,0,0,0,0,2014,25.1,12.4,30.9,21,0.856060606060606
"401",0,0,0,1,0,0,0,0,0,0,0,0,0,0,0,0,0,1,0,2014,21.7,4.1,28.9,16,0.803030303030303
"402",0,0,0,1,0,0,0,0,0,0,0,0,0,0,0,0,0,0,1,2014,18.9,2.7,26.1,12.9,0.808080808080808
"403",0,0,0,1,0,0,0,0,0,0,0,0,0,0,0,0,1,0,0,2014,29.9,24.8,36,12.9,0.564393939393939
"404",0,0,0,1,0,0,0,0,0,0,0,0,1,0,0,0,0,0,0,2014,35.5,26.4,39.9,24.1,1
"405",0,0,0,1,0,0,0,0,0,0,0,0,0,0,1,0,0,0,0,2014,35.6,23.9,39.9,30.9,0.651515151515151
"406",0,0,0,1,0,0,0,0,0,0,0,0,0,0,0,1,0,0,0,2014,26.6,11.6,37,21,0.585858585858586
"407",0,0,0,1,0,0,0,0,0,0,0,0,0,1,0,0,0,0,0,2014,23.7,3.1,32,18,0.619949494949495
"408",0,0,0,1,0,0,0,0,0,0,0,0,0,0,0,0,0,1,0,2014,32,18.5,39,26.1,0.654040404040404
"409",0,0,0,1,0,0,0,0,0,0,0,0,0,0,0,0,0,0,1,2014,38.4,28.2,45,26.1,0.696969696969697
"410",0,0,0,1,0,0,0,0,0,0,0,0,0,0,0,0,1,0,0,2014,42.8,26.6,50,37.9,0.702020202020202
"411",0,0,0,1,0,0,0,0,0,0,0,0,1,0,0,0,0,0,0,2014,39.4,36.3,48.2,35.6,0.688131313131313
"412",0,0,0,1,0,0,0,0,0,0,0,0,0,0,1,0,0,0,0,2014,46,25.8,54,41,0.741161616161616
"413",0,0,0,1,0,0,0,0,0,0,0,0,0,0,0,1,0,0,0,2014,48.6,26,54,39.9,0.522727272727273
"414",0,0,0,1,0,0,0,0,0,0,0,0,0,1,0,0,0,0,0,2014,39.1,17,54,32,0.718434343434343
"415",0,0,0,1,0,0,0,0,0,0,0,0,0,0,0,0,0,1,0,2014,28.2,9,44.1,24.1,0.647727272727273
"416",0,0,0,1,0,0,0,0,0,0,0,0,0,0,0,0,0,0,1,2014,27.4,9.3,33.1,24.1,0.64520202020202
"417",0,0,0,1,0,0,0,0,0,0,0,0,0,0,0,0,1,0,0,2014,24.6,1.3,34,19.9,0.720959595959596
"418",0,0,0,1,0,0,0,0,0,0,0,0,1,0,0,0,0,0,0,2014,16.5,-8,34,9,0.827020202020202
"419",0,0,0,0,0,0,0,1,0,0,0,0,0,0,1,0,0,0,0,2014,27.2,5.8,37,9,0.627525252525252
"420",0,0,0,0,0,0,0,1,0,0,0,0,0,1,0,0,0,0,0,2014,25.3,7.2,39.9,19,0.555555555555556
"421",0,0,0,0,0,0,0,1,0,0,0,0,0,0,0,0,0,1,0,2014,20.1,-0.1,32,12.9,0.671717171717172
"422",0,0,0,0,0,0,0,1,0,0,0,0,0,0,0,0,0,0,1,2014,31.3,6,37,28,0.619949494949495
"423",0,0,0,0,0,0,0,1,0,0,0,0,0,0,0,0,1,0,0,2014,24.5,4.1,39,16,0.704545454545455
"424",0,0,0,0,0,0,0,1,0,0,0,0,1,0,0,0,0,0,0,2014,30.2,17.9,37,16,0.672979797979798
"425",0,0,0,0,0,0,0,1,0,0,0,0,0,0,1,0,0,0,0,2014,42.8,26.9,57,26.1,0.650252525252525
"426",0,0,0,0,0,0,0,1,0,0,0,0,0,0,0,1,0,0,0,2014,41.4,18.9,57,35.1,0.51010101010101
"427",0,0,0,0,0,0,0,1,0,0,0,0,0,1,0,0,0,0,0,2014,42.3,18.9,51.1,35.6,0.647727272727273
"428",0,0,0,0,0,0,0,1,0,0,0,0,0,0,0,0,0,1,0,2014,53.6,30.9,64.9,36,0.643939393939394
"429",0,0,0,0,0,0,0,1,0,0,0,0,0,0,0,0,0,0,1,2014,52.5,38.4,66,45,0.650252525252525
"430",0,0,0,0,0,0,0,1,0,0,0,0,0,0,0,0,1,0,0,2014,28.7,11.7,55.9,18,0.688131313131313
"431",0,0,0,0,0,0,0,1,0,0,0,0,1,0,0,0,0,0,0,2014,30.5,5.2,46,18,0.738636363636364
"432",0,0,0,0,0,0,0,1,0,0,0,0,0,0,1,0,0,0,0,2014,49.9,24.2,57.9,41,0.65530303030303
"433",0,0,0,0,0,0,0,1,0,0,0,0,0,0,0,1,0,0,0,2014,37,10.4,57.9,30,0.52020202020202
"434",0,0,0,0,0,0,0,1,0,0,0,0,0,1,0,0,0,0,0,2014,28.9,2.5,42.1,23,0.65530303030303
"435",0,0,0,0,0,0,0,1,0,0,0,0,0,0,0,0,0,1,0,2014,33.9,7.3,43,23,0.695707070707071
"436",0,0,0,0,0,0,0,1,0,0,0,0,0,0,0,0,0,0,1,2014,36.9,27.1,44.1,28,0.662878787878788
"437",0,0,0,0,0,0,0,1,0,0,0,0,0,0,0,0,1,0,0,2014,45.6,34.5,54,32,0.791666666666667
"438",0,0,0,0,0,0,0,1,0,0,0,0,1,0,0,0,0,0,0,2014,44.1,18.4,54,39,0.743686868686869
"439",0,0,0,0,0,0,0,1,0,0,0,0,0,0,1,0,0,0,0,2014,49.9,25.2,63,39,0.622474747474748
"440",0,0,0,0,0,0,0,1,0,0,0,0,0,0,0,1,0,0,0,2014,40.9,17.7,63,35.1,0.539141414141414
"441",0,0,0,0,0,0,0,1,0,0,0,0,0,1,0,0,0,0,0,2014,28,2.8,42.1,21,0.690656565656566
"442",0,0,0,0,0,0,0,1,0,0,0,0,0,0,0,0,0,1,0,2014,32.4,7.4,39,21,0.598484848484849
"443",0,0,0,0,0,0,0,1,0,0,0,0,0,0,0,0,0,0,1,2014,33.1,9.4,39,26.1,0.710858585858586
"444",0,0,0,0,0,0,0,1,0,0,0,0,0,0,0,0,1,0,0,2014,30.5,6.5,44.1,21.9,0.679292929292929
"445",0,0,0,0,0,0,0,1,0,0,0,0,1,0,0,0,0,0,0,2014,48,33.7,61,37.9,0.669191919191919
"446",0,0,0,0,0,0,0,1,0,0,0,0,0,0,1,0,0,0,0,2014,50.7,42.9,62.1,37,0.718434343434343
"447",0,0,0,0,0,0,0,1,0,0,0,0,0,0,0,1,0,0,0,2014,45.3,41.9,59,42.1,0.551767676767677
"448",0,0,0,0,0,0,0,1,0,0,0,0,0,1,0,0,0,0,0,2014,43.5,32.6,55.9,36,0.705808080808081
"449",1,0,0,0,0,0,0,0,0,0,0,0,0,0,0,0,0,1,0,2014,46.8,26.9,60.1,36,0.693181818181818
"450",1,0,0,0,0,0,0,0,0,0,0,0,0,0,0,0,0,0,1,2014,47.3,35.6,60.1,39,0.65530303030303
"451",1,0,0,0,0,0,0,0,0,0,0,0,0,0,0,0,1,0,0,2014,53.6,30.8,66.9,42.1,0.747474747474748
"452",1,0,0,0,0,0,0,0,0,0,0,0,1,0,0,0,0,0,0,2014,44.4,35.3,54,39.9,0.785353535353535
"453",1,0,0,0,0,0,0,0,0,0,0,0,0,0,1,0,0,0,0,2014,45.8,32.8,53.1,39.2,0.732323232323232
"454",1,0,0,0,0,0,0,0,0,0,0,0,0,0,0,1,0,0,0,2014,45.3,19.9,61,36,0.611111111111111
"455",1,0,0,0,0,0,0,0,0,0,0,0,0,1,0,0,0,0,0,2014,47.2,31.4,61,36,0.672979797979798
"456",1,0,0,0,0,0,0,0,0,0,0,0,0,0,0,0,0,1,0,2014,52.6,44.1,64,43,0.765151515151515
"457",1,0,0,0,0,0,0,0,0,0,0,0,0,0,0,0,0,0,1,2014,52.2,28.7,64,45,0.751262626262626
"458",1,0,0,0,0,0,0,0,0,0,0,0,0,0,0,0,1,0,0,2014,50.5,19.3,61,42.1,0.814393939393939
"459",1,0,0,0,0,0,0,0,0,0,0,0,1,0,0,0,0,0,0,2014,62.1,37.1,75,42.1,0.768939393939394
"460",1,0,0,0,0,0,0,0,0,0,0,0,0,0,1,0,0,0,0,2014,60.4,39.7,75,50,0.72979797979798
"461",1,0,0,0,0,0,0,0,0,0,0,0,0,0,0,1,0,0,0,2014,63,42.1,77,50,0.608585858585859
"462",1,0,0,0,0,0,0,0,0,0,0,0,0,1,0,0,0,0,0,2014,67.3,52.2,77,54,0.648989898989899
"463",1,0,0,0,0,0,0,0,0,0,0,0,0,0,0,0,0,1,0,2014,58.5,53.5,75,44.1,0.570707070707071
"464",1,0,0,0,0,0,0,0,0,0,0,0,0,0,0,0,0,0,1,2014,38.8,22,63,30.9,0.71969696969697
"465",1,0,0,0,0,0,0,0,0,0,0,0,0,0,0,0,1,0,0,2014,41.6,21.3,48.9,30.9,0.641414141414141
"466",1,0,0,0,0,0,0,0,0,0,0,0,1,0,0,0,0,0,0,2014,41.4,28.1,48.9,36,0.626262626262626
"467",1,0,0,0,0,0,0,0,0,0,0,0,0,0,1,0,0,0,0,2014,52.6,28.3,68,35.1,0.662878787878788
"468",1,0,0,0,0,0,0,0,0,0,0,0,0,0,0,1,0,0,0,2014,52.1,26.1,68,41,0.496212121212121
"469",1,0,0,0,0,0,0,0,0,0,0,0,0,1,0,0,0,0,0,2014,52,27.4,66.9,41,0.657828282828283
"470",1,0,0,0,0,0,0,0,0,0,0,0,0,0,0,0,0,1,0,2014,59,44.3,71.1,41,0.579545454545455
"471",1,0,0,0,0,0,0,0,0,0,0,0,0,0,0,0,0,0,1,2014,55.7,38.4,71.1,48,0.676767676767677
"472",1,0,0,0,0,0,0,0,0,0,0,0,0,0,0,0,1,0,0,2014,50.5,18.2,62.1,42.1,0.73989898989899
"473",1,0,0,0,0,0,0,0,0,0,0,0,1,0,0,0,0,0,0,2014,52.6,19.4,63,44.1,0.779040404040404
"474",1,0,0,0,0,0,0,0,0,0,0,0,0,0,1,0,0,0,0,2014,53,42,66.9,44.1,0.691919191919192
"475",1,0,0,0,0,0,0,0,0,0,0,0,0,0,0,1,0,0,0,2014,51.9,34.6,66.9,46,0.566919191919192
"476",1,0,0,0,0,0,0,0,0,0,0,0,0,1,0,0,0,0,0,2014,54.5,32.5,66.9,45,0.753787878787879
"477",1,0,0,0,0,0,0,0,0,0,0,0,0,0,0,0,0,1,0,2014,49.7,36.8,66.9,45,0.700757575757576
"478",1,0,0,0,0,0,0,0,0,0,0,0,0,0,0,0,0,0,1,2014,44.2,40.6,52,41,0.821969696969697
"479",0,0,0,0,0,0,0,0,1,0,0,0,0,0,0,0,1,0,0,2014,61.1,52.4,78.1,41,0.820707070707071
"480",0,0,0,0,0,0,0,0,1,0,0,0,1,0,0,0,0,0,0,2014,63.4,41.8,78.1,51.1,0.881313131313131
"481",0,0,0,0,0,0,0,0,1,0,0,0,0,0,1,0,0,0,0,2014,61.3,36.6,70,54,0.744949494949495
"482",0,0,0,0,0,0,0,0,1,0,0,0,0,0,0,1,0,0,0,2014,57.6,41,71.1,54,0.569444444444444
"483",0,0,0,0,0,0,0,0,1,0,0,0,0,1,0,0,0,0,0,2014,58.4,29.7,70,50,0.78030303030303
"484",0,0,0,0,0,0,0,0,1,0,0,0,0,0,0,0,0,1,0,2014,60.3,28,71.1,50,0.713383838383838
"485",0,0,0,0,0,0,0,0,1,0,0,0,0,0,0,0,0,0,1,2014,59.1,28.5,71.1,50,0.761363636363636
"486",0,0,0,0,0,0,0,0,1,0,0,0,0,0,0,0,1,0,0,2014,55.9,48.7,69.1,50,0.752525252525252
"487",0,0,0,0,0,0,0,0,1,0,0,0,1,0,0,0,0,0,0,2014,58,54.6,63,53.1,0.737373737373737
"488",0,0,0,0,0,0,0,0,1,0,0,0,0,0,1,0,0,0,0,2014,65.6,60.2,82.9,55,0.693181818181818
"489",0,0,0,0,0,0,0,0,1,0,0,0,0,0,0,1,0,0,0,2014,70.1,46.3,82.9,57,0.737373737373737
"490",0,0,0,0,0,0,0,0,1,0,0,0,0,1,0,0,0,0,0,2014,73.8,49.3,84.9,60.1,0.733585858585859
"491",0,0,0,0,0,0,0,0,1,0,0,0,0,0,0,0,0,1,0,2014,68.5,49.5,84.9,60.1,0.707070707070707
"492",0,0,0,0,0,0,0,0,1,0,0,0,0,0,0,0,0,0,1,2014,58.2,47.3,73,52,0.805555555555556
"493",0,0,0,0,0,0,0,0,1,0,0,0,0,0,0,0,1,0,0,2014,63.1,59.5,71.1,52,0.832070707070707
"494",0,0,0,0,0,0,0,0,1,0,0,0,1,0,0,0,0,0,0,2014,65.9,62.8,71.1,57.9,0.883838383838384
"495",0,0,0,0,0,0,0,0,1,0,0,0,0,0,1,0,0,0,0,2014,61.6,48.2,70,53.1,0.781565656565657
"496",0,0,0,0,0,0,0,0,1,0,0,0,0,0,0,1,0,0,0,2014,60,36.4,70,51.1,0.640151515151515
"497",0,0,0,0,0,0,0,0,1,0,0,0,0,1,0,0,0,0,0,2014,60.3,32.4,72,48.9,0.722222222222222
"498",0,0,0,0,0,0,0,0,1,0,0,0,0,0,0,0,0,1,0,2014,66.2,36.9,78.1,48.9,0.820707070707071
"499",0,0,0,0,0,0,0,0,1,0,0,0,0,0,0,0,0,0,1,2014,69.5,45.3,78.1,53.1,0.726010101010101
"500",0,0,0,0,0,0,0,0,1,0,0,0,0,0,0,0,1,0,0,2014,62.7,56.3,73.9,60.1,0.748737373737374
"501",0,0,0,0,0,0,0,0,1,0,0,0,1,0,0,0,0,0,0,2014,62.2,56.5,71.1,59,0.833333333333333
"502",0,0,0,0,0,0,0,0,1,0,0,0,0,0,1,0,0,0,0,2014,60.2,54.1,71.1,55.9,0.613636363636364
"503",0,0,0,0,0,0,0,0,1,0,0,0,0,0,0,1,0,0,0,2014,65.8,51.1,80.1,55,0.595959595959596
"504",0,0,0,0,0,0,0,0,1,0,0,0,0,1,0,0,0,0,0,2014,74.7,48,86,55,0.546717171717172
"505",0,0,0,0,0,0,0,0,1,0,0,0,0,0,0,0,0,1,0,2014,78.3,55,86,66,0.814393939393939
"506",0,0,0,0,0,0,0,0,1,0,0,0,0,0,0,0,0,0,1,2014,61.5,52.8,86,55,0.679292929292929
"507",0,0,0,0,0,0,0,0,1,0,0,0,0,0,0,0,1,0,0,2014,56.3,43.4,66,51.1,0.837121212121212
"508",0,0,0,0,0,0,0,0,1,0,0,0,1,0,0,0,0,0,0,2014,63.3,44.7,75,51.1,0.820707070707071
"509",0,0,0,0,0,0,0,0,1,0,0,0,0,0,1,0,0,0,0,2014,64.2,48.7,75,55,0.741161616161616
"510",0,0,0,0,0,0,1,0,0,0,0,0,0,0,0,1,0,0,0,2014,64.8,41.2,77,55,0.762626262626263
"511",0,0,0,0,0,0,1,0,0,0,0,0,0,1,0,0,0,0,0,2014,69.7,45.4,80.1,55,0.811868686868687
"512",0,0,0,0,0,0,1,0,0,0,0,0,0,0,0,0,0,1,0,2014,75.3,58.5,87.1,59,0.837121212121212
"513",0,0,0,0,0,0,1,0,0,0,0,0,0,0,0,0,0,0,1,2014,70.8,62.3,87.1,63,0.734848484848485
"514",0,0,0,0,0,0,1,0,0,0,0,0,0,0,0,0,1,0,0,2014,68.1,60,82,61,0.718434343434343
"515",0,0,0,0,0,0,1,0,0,0,0,0,1,0,0,0,0,0,0,2014,67.7,47.9,75.9,61,0.938131313131313
"516",0,0,0,0,0,0,1,0,0,0,0,0,0,0,1,0,0,0,0,2014,71,50.9,82,60.1,0.786616161616162
"517",0,0,0,0,0,0,1,0,0,0,0,0,0,0,0,1,0,0,0,2014,75,53.9,86,60.1,0.651515151515151
"518",0,0,0,0,0,0,1,0,0,0,0,0,0,1,0,0,0,0,0,2014,67.4,59.2,73.9,62.6,0.666666666666667
"519",0,0,0,0,0,0,1,0,0,0,0,0,0,0,0,0,0,1,0,2014,69.5,64.5,77,63,0.718434343434343
"520",0,0,0,0,0,0,1,0,0,0,0,0,0,0,0,0,0,0,1,2014,67,60.6,77,61,0.727272727272727
"521",0,0,0,0,0,0,1,0,0,0,0,0,0,0,0,0,1,0,0,2014,64.7,59.5,72,60.1,0.710858585858586
"522",0,0,0,0,0,0,1,0,0,0,0,0,1,0,0,0,0,0,0,2014,69.5,65.6,79,60.1,0.893939393939394
"523",0,0,0,0,0,0,1,0,0,0,0,0,0,0,1,0,0,0,0,2014,69,59.3,72,64,0.773989898989899
"524",0,0,0,0,0,0,1,0,0,0,0,0,0,0,0,1,0,0,0,2014,67.7,50.3,80.1,59,0.599747474747475
"525",0,0,0,0,0,0,1,0,0,0,0,0,0,1,0,0,0,0,0,2014,72.3,55.3,81,59,0.785353535353535
"526",0,0,0,0,0,0,1,0,0,0,0,0,0,0,0,0,0,1,0,2014,77.7,62.1,89.1,63,0.840909090909091
"527",0,0,0,0,0,0,1,0,0,0,0,0,0,0,0,0,0,0,1,2014,83.4,62.7,89.1,71.1,0.837121212121212
"528",0,0,0,0,0,0,1,0,0,0,0,0,0,0,0,0,1,0,0,2014,74.9,62,89.1,69.1,0.852272727272727
"529",0,0,0,0,0,0,1,0,0,0,0,0,1,0,0,0,0,0,0,2014,71.8,50.5,79,64,0.965909090909091
"530",0,0,0,0,0,0,1,0,0,0,0,0,0,0,1,0,0,0,0,2014,70.4,46.6,79,62.1,0.703282828282828
"531",0,0,0,0,0,0,1,0,0,0,0,0,0,0,0,1,0,0,0,2014,69.8,53.2,79,62.1,0.602272727272727
"532",0,0,0,0,0,0,1,0,0,0,0,0,0,1,0,0,0,0,0,2014,71.8,54.4,81,64,0.813131313131313
"533",0,0,0,0,0,0,1,0,0,0,0,0,0,0,0,0,0,1,0,2014,73.1,57.9,81,64.9,0.797979797979798
"534",0,0,0,0,0,0,1,0,0,0,0,0,0,0,0,0,0,0,1,2014,75.4,65.8,84.9,68,0.815656565656566
"535",0,0,0,0,0,0,1,0,0,0,0,0,0,0,0,0,1,0,0,2014,76.6,67.6,84.9,70,0.845959595959596
"536",0,0,0,0,0,0,1,0,0,0,0,0,1,0,0,0,0,0,0,2014,75.1,60.6,82.9,69.1,0.833333333333333
"537",0,0,0,0,0,0,1,0,0,0,0,0,0,0,1,0,0,0,0,2014,74.5,54.8,87.1,66,0.771464646464647
"538",0,0,0,0,0,0,1,0,0,0,0,0,0,0,0,1,0,0,0,2014,74.4,56.2,87.1,66,0.678030303030303
"539",0,0,0,0,0,0,1,0,0,0,0,0,0,1,0,0,0,0,0,2014,75.7,59.1,84,68,0.77020202020202
"540",0,0,0,0,0,1,0,0,0,0,0,0,0,0,0,0,0,1,0,2014,79.1,66.8,89.1,69.1,0.777777777777778
"541",0,0,0,0,0,1,0,0,0,0,0,0,0,0,0,0,0,0,1,2014,81.3,69.4,91,72,0.830808080808081
"542",0,0,0,0,0,1,0,0,0,0,0,0,0,0,0,0,1,0,0,2014,77.3,71.8,91,72,0.934343434343434
"543",0,0,0,0,0,1,0,0,0,0,0,0,1,0,0,0,0,0,0,2014,70.4,65.9,87.1,64.9,0.454545454545455
"544",0,0,0,0,0,1,0,0,0,0,0,0,0,0,1,0,0,0,0,2014,71.4,49.1,81,63,0.637626262626263
"545",0,0,0,0,0,1,0,0,0,0,0,0,0,0,0,1,0,0,0,2014,76,52.5,84,63,0.569444444444444
"546",0,0,0,0,0,1,0,0,0,0,0,0,0,1,0,0,0,0,0,2014,79.8,61.8,90,66,0.775252525252525
"547",0,0,0,0,0,1,0,0,0,0,0,0,0,0,0,0,0,1,0,2014,81.4,66.6,91,71.1,0.75
"548",0,0,0,0,0,1,0,0,0,0,0,0,0,0,0,0,0,0,1,2014,78.8,65,86,72,0.718434343434343
"549",0,0,0,0,0,1,0,0,0,0,0,0,0,0,0,0,1,0,0,2014,75.4,62.1,88,71.1,0.737373737373737
"550",0,0,0,0,0,1,0,0,0,0,0,0,1,0,0,0,0,0,0,2014,76.8,58.4,86,72,0.810606060606061
"551",0,0,0,0,0,1,0,0,0,0,0,0,0,0,1,0,0,0,0,2014,76.2,60.5,86,71.1,0.694444444444444
"552",0,0,0,0,0,1,0,0,0,0,0,0,0,0,0,1,0,0,0,2014,75.8,65.2,82,72,0.554292929292929
"553",0,0,0,0,0,1,0,0,0,0,0,0,0,1,0,0,0,0,0,2014,75.7,70.8,82.9,69.8,0.715909090909091
"554",0,0,0,0,0,1,0,0,0,0,0,0,0,0,0,0,0,1,0,2014,75.3,72,86,72,0.741161616161616
"555",0,0,0,0,0,1,0,0,0,0,0,0,0,0,0,0,0,0,1,2014,73.3,64.9,86,68,0.695707070707071
"556",0,0,0,0,0,1,0,0,0,0,0,0,0,0,0,0,1,0,0,2014,73.6,54.8,81,66.9,0.741161616161616
"557",0,0,0,0,0,1,0,0,0,0,0,0,1,0,0,0,0,0,0,2014,73.4,52.8,81,64,0.787878787878788
"558",0,0,0,0,0,1,0,0,0,0,0,0,0,0,1,0,0,0,0,2014,72.2,51.3,75.9,68.5,0.606060606060606
"559",0,0,0,0,0,1,0,0,0,0,0,0,0,0,0,1,0,0,0,2014,71.9,58.5,78.1,66.2,0.569444444444444
"560",0,0,0,0,0,1,0,0,0,0,0,0,0,1,0,0,0,0,0,2014,73.9,60.3,84.9,64,0.703282828282828
"561",0,0,0,0,0,1,0,0,0,0,0,0,0,0,0,0,0,1,0,2014,77,63.5,86,66.9,0.741161616161616
"562",0,0,0,0,0,1,0,0,0,0,0,0,0,0,0,0,0,0,1,2014,79.7,66.9,88,71.1,0.746212121212121
"563",0,0,0,0,0,1,0,0,0,0,0,0,0,0,0,0,1,0,0,2014,75.1,63.6,79,71.6,0.680555555555556
"564",0,0,0,0,0,1,0,0,0,0,0,0,1,0,0,0,0,0,0,2014,73.7,53.4,82,66,0.82449494949495
"565",0,0,0,0,0,1,0,0,0,0,0,0,0,0,1,0,0,0,0,2014,73.9,59.9,82,66,0.674242424242424
"566",0,0,0,0,0,1,0,0,0,0,0,0,0,0,0,1,0,0,0,2014,77,67,84.9,69.1,0.601010101010101
"567",0,0,0,0,0,1,0,0,0,0,0,0,0,1,0,0,0,0,0,2014,75.8,65.3,84.9,69.1,0.751262626262626
"568",0,0,0,0,0,1,0,0,0,0,0,0,0,0,0,0,0,1,0,2014,69.6,52.5,82,64,0.664141414141414
"569",0,0,0,0,0,1,0,0,0,0,0,0,0,0,0,0,0,0,1,2014,70.8,51.2,80.1,63,0.763888888888889
"570",0,0,0,0,0,1,0,0,0,0,0,0,0,0,0,0,1,0,0,2014,73.5,57.3,82,63,0.79040404040404
"571",0,1,0,0,0,0,0,0,0,0,0,0,1,0,0,0,0,0,0,2014,75.5,65.2,84,68,0.842171717171717
"572",0,1,0,0,0,0,0,0,0,0,0,0,0,0,1,0,0,0,0,2014,70.4,61.8,84,63,0.681818181818182
"573",0,1,0,0,0,0,0,0,0,0,0,0,0,0,0,1,0,0,0,2014,69.5,62.3,75.9,63,0.601010101010101
"574",0,1,0,0,0,0,0,0,0,0,0,0,0,1,0,0,0,0,0,2014,75,64.7,84,66,0.743686868686869
"575",0,1,0,0,0,0,0,0,0,0,0,0,0,0,0,0,0,1,0,2014,78.6,61.8,89.1,70,0.765151515151515
"576",0,1,0,0,0,0,0,0,0,0,0,0,0,0,0,0,0,0,1,2014,76.3,60.3,82.9,70,0.70959595959596
"577",0,1,0,0,0,0,0,0,0,0,0,0,0,0,0,0,1,0,0,2014,74.4,52.5,82.9,66,0.738636363636364
"578",0,1,0,0,0,0,0,0,0,0,0,0,1,0,0,0,0,0,0,2014,73.2,51.2,82.9,64.9,0.758838383838384
"579",0,1,0,0,0,0,0,0,0,0,0,0,0,0,1,0,0,0,0,2014,76,52.8,87.1,64.9,0.679292929292929
"580",0,1,0,0,0,0,0,0,0,0,0,0,0,0,0,1,0,0,0,2014,77.5,56.1,88,66,0.646464646464647
"581",0,1,0,0,0,0,0,0,0,0,0,0,0,1,0,0,0,0,0,2014,77.5,56.2,88,68,0.762626262626263
"582",0,1,0,0,0,0,0,0,0,0,0,0,0,0,0,0,0,1,0,2014,74.4,64.9,78.1,71.6,0.619949494949495
"583",0,1,0,0,0,0,0,0,0,0,0,0,0,0,0,0,0,0,1,2014,72.5,66.3,82,68,0.722222222222222
"584",0,1,0,0,0,0,0,0,0,0,0,0,0,0,0,0,1,0,0,2014,70.9,52.5,82,63,0.789141414141414
"585",0,1,0,0,0,0,0,0,0,0,0,0,1,0,0,0,0,0,0,2014,68,48.8,73.9,61,0.659090909090909
"586",0,1,0,0,0,0,0,0,0,0,0,0,0,0,1,0,0,0,0,2014,70.3,50.5,78.1,61,0.618686868686869
"587",0,1,0,0,0,0,0,0,0,0,0,0,0,0,0,1,0,0,0,2014,73.6,54.5,82,63,0.601010101010101
"588",0,1,0,0,0,0,0,0,0,0,0,0,0,1,0,0,0,0,0,2014,72,52.3,82,63,0.751262626262626
"589",0,1,0,0,0,0,0,0,0,0,0,0,0,0,0,0,0,1,0,2014,72.2,56.5,82.9,63,0.651515151515151
"590",0,1,0,0,0,0,0,0,0,0,0,0,0,0,0,0,0,0,1,2014,75.1,60.5,84,63,0.695707070707071
"591",0,1,0,0,0,0,0,0,0,0,0,0,0,0,0,0,1,0,0,2014,73.9,60.3,84,66,0.715909090909091
"592",0,1,0,0,0,0,0,0,0,0,0,0,1,0,0,0,0,0,0,2014,70.6,62.7,82.9,64.9,0.717171717171717
"593",0,1,0,0,0,0,0,0,0,0,0,0,0,0,1,0,0,0,0,2014,70.4,58.2,79,64.9,0.573232323232323
"594",0,1,0,0,0,0,0,0,0,0,0,0,0,0,0,1,0,0,0,2014,70.7,58.4,80.1,64,0.551767676767677
"595",0,1,0,0,0,0,0,0,0,0,0,0,0,1,0,0,0,0,0,2014,74.3,57.8,88,64,0.693181818181818
"596",0,1,0,0,0,0,0,0,0,0,0,0,0,0,0,0,0,1,0,2014,77.7,61.6,89.1,64,0.767676767676768
"597",0,1,0,0,0,0,0,0,0,0,0,0,0,0,0,0,0,0,1,2014,78.5,60.9,90,70,0.679292929292929
"598",0,1,0,0,0,0,0,0,0,0,0,0,0,0,0,0,1,0,0,2014,76.4,56.2,90,68,0.78030303030303
"599",0,1,0,0,0,0,0,0,0,0,0,0,1,0,0,0,0,0,0,2014,69.6,48.9,82,61,0.796717171717172
"600",0,1,0,0,0,0,0,0,0,0,0,0,0,0,1,0,0,0,0,2014,71.4,56.4,80.1,61,0.643939393939394
"601",0,1,0,0,0,0,0,0,0,0,0,0,0,0,0,1,0,0,0,2014,77,66.9,90,64.9,0.625
"602",0,0,0,0,0,0,0,0,0,0,0,1,0,1,0,0,0,0,0,2014,79.3,70.6,90,73,0.494949494949495
"603",0,0,0,0,0,0,0,0,0,0,0,1,0,0,0,0,0,1,0,2014,83.5,69.5,91.9,75,0.883838383838384
"604",0,0,0,0,0,0,0,0,0,0,0,1,0,0,0,0,0,0,1,2014,79.4,59.5,91.9,72,0.732323232323232
"605",0,0,0,0,0,0,0,0,0,0,0,1,0,0,0,0,1,0,0,2014,77.9,56.9,87.1,69.1,0.917929292929293
"606",0,0,0,0,0,0,0,0,0,0,0,1,1,0,0,0,0,0,0,2014,78.2,67.8,87.1,69.1,0.816919191919192
"607",0,0,0,0,0,0,0,0,0,0,0,1,0,0,1,0,0,0,0,2014,80.9,70.9,91,72,0.698232323232323
"608",0,0,0,0,0,0,0,0,0,0,0,1,0,0,0,1,0,0,0,2014,72.6,57.5,91,64.9,0.602272727272727
"609",0,0,0,0,0,0,0,0,0,0,0,1,0,1,0,0,0,0,0,2014,70.1,52.2,81,64.9,0.755050505050505
"610",0,0,0,0,0,0,0,0,0,0,0,1,0,0,0,0,0,1,0,2014,68.1,56,75,63,0.747474747474748
"611",0,0,0,0,0,0,0,0,0,0,0,1,0,0,0,0,0,0,1,2014,69.4,56.7,78.1,63,0.78030303030303
"612",0,0,0,0,0,0,0,0,0,0,0,1,0,0,0,0,1,0,0,2014,73.9,63.5,82.9,63,0.781565656565657
"613",0,0,0,0,0,0,0,0,0,0,0,1,1,0,0,0,0,0,0,2014,70.1,52.7,82.9,62.1,0.921717171717172
"614",0,0,0,0,0,0,0,0,0,0,0,1,0,0,1,0,0,0,0,2014,63.9,52.7,78.1,60.1,0.704545454545455
"615",0,0,0,0,0,0,0,0,0,0,0,1,0,0,0,1,0,0,0,2014,60.9,48.3,71.1,53.1,0.666666666666667
"616",0,0,0,0,0,0,0,0,0,0,0,1,0,1,0,0,0,0,0,2014,62.8,43.4,71.1,53.1,0.77020202020202
"617",0,0,0,0,0,0,0,0,0,0,0,1,0,0,0,0,0,1,0,2014,63.5,53.5,71.1,55,0.773989898989899
"618",0,0,0,0,0,0,0,0,0,0,0,1,0,0,0,0,0,0,1,2014,64.3,45.5,73,55,0.830808080808081
"619",0,0,0,0,0,0,0,0,0,0,0,1,0,0,0,0,1,0,0,2014,65.8,47.4,75.9,55,0.820707070707071
"620",0,0,0,0,0,0,0,0,0,0,0,1,1,0,0,0,0,0,0,2014,61.6,44.5,75.9,54,0.818181818181818
"621",0,0,0,0,0,0,0,0,0,0,0,1,0,0,1,0,0,0,0,2014,65,52.7,75,54,0.75
"622",0,0,0,0,0,0,0,0,0,0,0,1,0,0,0,1,0,0,0,2014,70.2,65,75,57,0.650252525252525
"623",0,0,0,0,0,0,0,0,0,0,0,1,0,1,0,0,0,0,0,2014,67.3,52.7,75,61,0.835858585858586
"624",0,0,0,0,0,0,0,0,0,0,0,1,0,0,0,0,0,1,0,2014,60.1,40.1,71.1,52,0.747474747474748
"625",0,0,0,0,0,0,0,0,0,0,0,1,0,0,0,0,0,0,1,2014,64.1,52.3,71.1,52,0.714646464646465
"626",0,0,0,0,0,0,0,0,0,0,0,1,0,0,0,0,1,0,0,2014,61.7,53.7,66,57,0.619949494949495
"627",0,0,0,0,0,0,0,0,0,0,0,1,1,0,0,0,0,0,0,2014,66.2,51.3,77,57,0.811868686868687
"628",0,0,0,0,0,0,0,0,0,0,0,1,0,0,1,0,0,0,0,2014,70.7,53.4,82.9,57.9,0.757575757575758
"629",0,0,0,0,0,0,0,0,0,0,0,1,0,0,0,1,0,0,0,2014,73.1,57.4,84,60.1,0.646464646464647
"630",0,0,0,0,0,0,0,0,0,0,0,1,0,1,0,0,0,0,0,2014,72.4,57.9,84,64,0.714646464646465
"631",0,0,0,0,0,0,0,0,0,0,0,1,0,0,0,0,0,1,0,2014,68.8,57.9,79,66,0.743686868686869
"632",0,0,0,0,0,0,0,0,0,0,1,0,0,0,0,0,0,0,1,2014,63.2,57.1,64.9,60.8,0.705808080808081
"633",0,0,0,0,0,0,0,0,0,0,1,0,0,0,0,0,1,0,0,2014,63.5,54.1,70,61,0.704545454545455
"634",0,0,0,0,0,0,0,0,0,0,1,0,1,0,0,0,0,0,0,2014,62.9,50.7,71.1,55.9,0.907828282828283
"635",0,0,0,0,0,0,0,0,0,0,1,0,0,0,1,0,0,0,0,2014,64.2,57.1,69.1,60.1,0.670454545454545
"636",0,0,0,0,0,0,0,0,0,0,1,0,0,0,0,1,0,0,0,2014,53.1,34.7,69.1,46,0.637626262626263
"637",0,0,0,0,0,0,0,0,0,0,1,0,0,1,0,0,0,0,0,2014,58.6,42.1,69.1,46,0.806818181818182
"638",0,0,0,0,0,0,0,0,0,0,1,0,0,0,0,0,0,1,0,2014,66.2,52.6,71.1,50,0.782828282828283
"639",0,0,0,0,0,0,0,0,0,0,1,0,0,0,0,0,0,0,1,2014,66.7,53,72,63,0.806818181818182
"640",0,0,0,0,0,0,0,0,0,0,1,0,0,0,0,0,1,0,0,2014,62.6,37.8,73,55,0.630050505050505
"641",0,0,0,0,0,0,0,0,0,0,1,0,1,0,0,0,0,0,0,2014,58.7,37,68,52,0.683080808080808
"642",0,0,0,0,0,0,0,0,0,0,1,0,0,0,1,0,0,0,0,2014,54.9,46.5,64,51.1,0.689393939393939
"643",0,0,0,0,0,0,0,0,0,0,1,0,0,0,0,1,0,0,0,2014,54,41.1,63,48,0.597222222222222
"644",0,0,0,0,0,0,0,0,0,0,1,0,0,1,0,0,0,0,0,2014,58.7,47.7,64.9,48,0.569444444444444
"645",0,0,0,0,0,0,0,0,0,0,1,0,0,0,0,0,0,1,0,2014,67.9,61.3,75.9,52,0.880050505050505
"646",0,0,0,0,0,0,0,0,0,0,1,0,0,0,0,0,0,0,1,2014,71.4,64.8,77,63,0.726010101010101
"647",0,0,0,0,0,0,0,0,0,0,1,0,0,0,0,0,1,0,0,2014,68.8,63.8,77,64,0.76010101010101
"648",0,0,0,0,0,0,0,0,0,0,1,0,1,0,0,0,0,0,0,2014,64.6,51.4,71.1,59,0.818181818181818
"649",0,0,0,0,0,0,0,0,0,0,1,0,0,0,1,0,0,0,0,2014,63.8,50.3,71.1,59,0.623737373737374
"650",0,0,0,0,0,0,0,0,0,0,1,0,0,0,0,1,0,0,0,2014,53.4,34.4,61,46.9,0.609848484848485
"651",0,0,0,0,0,0,0,0,0,0,1,0,0,1,0,0,0,0,0,2014,49.4,30.9,60.1,42.1,0.746212121212121
"652",0,0,0,0,0,0,0,0,0,0,1,0,0,0,0,0,0,1,0,2014,60.2,46.2,66.9,42.1,0.766414141414141
"653",0,0,0,0,0,0,0,0,0,0,1,0,0,0,0,0,0,0,1,2014,55.5,51.2,60.8,51.8,0.893939393939394
"654",0,0,0,0,0,0,0,0,0,0,1,0,0,0,0,0,1,0,0,2014,51.4,46.9,57.9,50,0.806818181818182
"655",0,0,0,0,0,0,0,0,0,0,1,0,1,0,0,0,0,0,0,2014,54.7,43.3,63,50,0.84469696969697
"656",0,0,0,0,0,0,0,0,0,0,1,0,0,0,1,0,0,0,0,2014,58.1,39.2,66.9,50,0.650252525252525
"657",0,0,0,0,0,0,0,0,0,0,1,0,0,0,0,1,0,0,0,2014,58.4,38.6,66.9,50,0.650252525252525
"658",0,0,0,0,0,0,0,0,0,0,1,0,0,1,0,0,0,0,0,2014,56,35.6,63,48,0.810606060606061
"659",0,0,0,0,0,0,0,0,0,0,1,0,0,0,0,0,0,1,0,2014,60.6,44,72,48,0.720959595959596
"660",0,0,0,0,0,0,0,0,0,0,1,0,0,0,0,0,0,0,1,2014,64.5,52.4,72,53.1,0.702020202020202
"661",0,0,0,0,0,0,0,0,0,0,1,0,0,0,0,0,1,0,0,2014,52.5,40.3,72,48,0.79040404040404
"662",0,0,0,0,0,0,0,0,0,0,1,0,1,0,0,0,0,0,0,2014,49.9,34.8,59,45,0.843434343434343
"663",0,0,0,0,0,0,0,0,0,1,0,0,0,0,1,0,0,0,0,2014,46.5,39.1,55,44.1,0.828282828282828
"664",0,0,0,0,0,0,0,0,0,1,0,0,0,0,0,1,0,0,0,2014,44.1,28.1,48,42.1,0.671717171717172
"665",0,0,0,0,0,0,0,0,0,1,0,0,0,1,0,0,0,0,0,2014,47.6,22.7,61,39,0.789141414141414
"666",0,0,0,0,0,0,0,0,0,1,0,0,0,0,0,0,0,1,0,2014,59.5,23.7,68,39,0.679292929292929
"667",0,0,0,0,0,0,0,0,0,1,0,0,0,0,0,0,0,0,1,2014,60.4,36.4,68,53.1,0.69949494949495
"668",0,0,0,0,0,0,0,0,0,1,0,0,0,0,0,0,1,0,0,2014,52,42.2,64,48,0.823232323232323
"669",0,0,0,0,0,0,0,0,0,1,0,0,1,0,0,0,0,0,0,2014,49,38.5,57,45,0.809343434343434
"670",0,0,0,0,0,0,0,0,0,1,0,0,0,0,1,0,0,0,0,2014,41.9,24.7,53.1,36,0.685606060606061
"671",0,0,0,0,0,0,0,0,0,1,0,0,0,0,0,1,0,0,0,2014,50,32,57,36,0.529040404040404
"672",0,0,0,0,0,0,0,0,0,1,0,0,0,1,0,0,0,0,0,2014,51.9,32.5,61,44.1,0.707070707070707
"673",0,0,0,0,0,0,0,0,0,1,0,0,0,0,0,0,0,1,0,2014,56.4,47.7,64,44.1,0.622474747474748
"674",0,0,0,0,0,0,0,0,0,1,0,0,0,0,0,0,0,0,1,2014,59.5,52.6,64.9,48.9,0.689393939393939
"675",0,0,0,0,0,0,0,0,0,1,0,0,0,0,0,0,1,0,0,2014,45.1,30.1,64.9,39,0.878787878787879
"676",0,0,0,0,0,0,0,0,0,1,0,0,1,0,0,0,0,0,0,2014,38.6,26,48,35.1,0.825757575757576
"677",0,0,0,0,0,0,0,0,0,1,0,0,0,0,1,0,0,0,0,2014,37.2,17.3,42.1,33.1,0.667929292929293
"678",0,0,0,0,0,0,0,0,0,1,0,0,0,0,0,1,0,0,0,2014,40,20.4,44.1,33.1,0.541666666666667
"679",0,0,0,0,0,0,0,0,0,1,0,0,0,1,0,0,0,0,0,2014,43.7,38.2,52,35.1,0.840909090909091
"680",0,0,0,0,0,0,0,0,0,1,0,0,0,0,0,0,0,1,0,2014,35.4,16.3,52,27,0.898989898989899
"681",0,0,0,0,0,0,0,0,0,1,0,0,0,0,0,0,0,0,1,2014,26.7,4.5,45,21.9,0.799242424242424
"682",0,0,0,0,0,0,0,0,0,1,0,0,0,0,0,0,1,0,0,2014,38.2,16.3,45,21.9,0.801767676767677
"683",0,0,0,0,0,0,0,0,0,1,0,0,1,0,0,0,0,0,0,2014,32.3,8.1,45,28,0.85479797979798
"684",0,0,0,0,0,0,0,0,0,1,0,0,0,0,1,0,0,0,0,2014,34.3,11.1,44.1,28,0.646464646464647
"685",0,0,0,0,0,0,0,0,0,1,0,0,0,0,0,1,0,0,0,2014,47.4,22.2,57,28,0.536616161616162
"686",0,0,0,0,0,0,0,0,0,1,0,0,0,1,0,0,0,0,0,2014,60.7,53.2,69.1,43,0.911616161616162
"687",0,0,0,0,0,0,0,0,0,1,0,0,0,0,0,0,0,1,0,2014,60,40.4,66.9,52,0.756313131313131
"688",0,0,0,0,0,0,0,0,0,1,0,0,0,0,0,0,0,0,1,2014,42.9,30.4,52,34,0.936868686868687
"689",0,0,0,0,0,0,0,0,0,1,0,0,0,0,0,0,1,0,0,2014,36.3,30.3,51.1,34,0.477272727272727
"690",0,0,0,0,0,0,0,0,0,1,0,0,1,0,0,0,0,0,0,2014,33.5,19.6,37,30.9,0.560606060606061
"691",0,0,0,0,0,0,0,0,0,1,0,0,0,0,1,0,0,0,0,2014,31.4,12.7,37,27,0.497474747474747
"692",0,0,0,0,0,0,0,0,0,1,0,0,0,0,0,1,0,0,0,2014,47.5,30.7,54,27,0.476010101010101
"693",0,0,1,0,0,0,0,0,0,0,0,0,0,1,0,0,0,0,0,2014,55.4,40.5,64.9,45,0.813131313131313
"694",0,0,1,0,0,0,0,0,0,0,0,0,0,0,0,0,0,1,0,2014,39.4,26.8,44.1,35.1,0.771464646464647
"695",0,0,1,0,0,0,0,0,0,0,0,0,0,0,0,0,0,0,1,2014,43.8,39.6,46.4,41,0.718434343434343
"696",0,0,1,0,0,0,0,0,0,0,0,0,0,0,0,0,1,0,0,2014,41.2,22.5,46,37,0.765151515151515
"697",0,0,1,0,0,0,0,0,0,0,0,0,1,0,0,0,0,0,0,2014,38.4,26,45,34,0.849747474747475
"698",0,0,1,0,0,0,0,0,0,0,0,0,0,0,1,0,0,0,0,2014,44.8,42,50,34,0.792929292929293
"699",0,0,1,0,0,0,0,0,0,0,0,0,0,0,0,1,0,0,0,2014,38.2,24.6,50,34,0.622474747474748
"700",0,0,1,0,0,0,0,0,0,0,0,0,0,1,0,0,0,0,0,2014,29.2,11.1,42.1,24.1,0.731060606060606
"701",0,0,1,0,0,0,0,0,0,0,0,0,0,0,0,0,0,1,0,2014,38.2,33.7,42.1,24.1,0.814393939393939
"702",0,0,1,0,0,0,0,0,0,0,0,0,0,0,0,0,0,0,1,2014,37.7,32.7,42.1,32,0.819444444444444
"703",0,0,1,0,0,0,0,0,0,0,0,0,0,0,0,0,1,0,0,2014,34.1,22.5,39.9,30.9,0.84469696969697
"704",0,0,1,0,0,0,0,0,0,0,0,0,1,0,0,0,0,0,0,2014,34.5,21,37.9,30.9,0.867424242424242
"705",0,0,1,0,0,0,0,0,0,0,0,0,0,0,1,0,0,0,0,2014,37.5,23.7,44.1,32,0.75
"706",0,0,1,0,0,0,0,0,0,0,0,0,0,0,0,1,0,0,0,2014,41,28.3,46,37.9,0.554292929292929
"707",0,0,1,0,0,0,0,0,0,0,0,0,0,1,0,0,0,0,0,2014,41.6,28.7,48,37,0.909090909090909
"708",0,0,1,0,0,0,0,0,0,0,0,0,0,0,0,0,0,1,0,2014,43.2,35.2,48.9,37,0.814393939393939
"709",0,0,1,0,0,0,0,0,0,0,0,0,0,0,0,0,0,0,1,2014,47.4,39.7,54,37.9,0.700757575757576
"710",0,0,1,0,0,0,0,0,0,0,0,0,0,0,0,0,1,0,0,2014,40.7,24.2,54,37.9,0.784090909090909
"711",0,0,1,0,0,0,0,0,0,0,0,0,1,0,0,0,0,0,0,2014,36.2,21.6,42.1,32,0.823232323232323
"712",0,0,1,0,0,0,0,0,0,0,0,0,0,0,1,0,0,0,0,2014,31.7,19.1,37.9,30,0.637626262626263
"713",0,0,1,0,0,0,0,0,0,0,0,0,0,0,0,1,0,0,0,2014,32.4,23.2,36,30,0.516414141414141
"714",0,0,1,0,0,0,0,0,0,0,0,0,0,1,0,0,0,0,0,2014,37.4,31.8,43,30.9,0.714646464646465
"715",0,0,1,0,0,0,0,0,0,0,0,0,0,0,0,0,0,1,0,2014,44.4,41.8,46.4,42.8,0.924242424242424
"716",0,0,1,0,0,0,0,0,0,0,0,0,0,0,0,0,0,0,1,2014,45.5,44.1,53.1,43,0.65530303030303
"717",0,0,1,0,0,0,0,0,0,0,0,0,1,0,0,0,0,0,0,2014,44.9,27.6,50,39.9,0.563131313131313
"718",0,0,1,0,0,0,0,0,0,0,0,0,0,0,1,0,0,0,0,2014,47.7,30.1,55,39.9,0.512626262626263
"719",0,0,1,0,0,0,0,0,0,0,0,0,0,1,0,0,0,0,0,2014,41.4,21.6,54,37.9,0.518939393939394
"720",0,0,1,0,0,0,0,0,0,0,0,0,0,0,0,0,0,1,0,2014,32.5,14.6,44.1,30,0.592171717171717
"721",0,0,1,0,0,0,0,0,0,0,0,0,0,0,0,0,0,0,1,2014,29.4,8.5,34,27,0.582070707070707
"722",0,0,0,0,1,0,0,0,0,0,0,0,0,0,0,0,1,0,0,2015,31.4,8.1,39,27,0.494987468671679
"723",0,0,0,0,1,0,0,0,0,0,0,0,1,0,0,0,0,0,0,2015,38.7,16.1,42.1,27,0.553884711779449
"724",0,0,0,0,1,0,0,0,0,0,0,0,0,0,1,0,0,0,0,2015,35.5,22.4,42.1,33.1,0.571428571428571
"725",0,0,0,0,1,0,0,0,0,0,0,0,0,0,0,1,0,0,0,2015,45.4,42.3,55.9,33.1,0.477443609022556
"726",0,0,0,0,1,0,0,0,0,0,0,0,0,1,0,0,0,0,0,2015,40.9,19.1,55.9,28.9,0.62406015037594
"727",0,0,0,0,1,0,0,0,0,0,0,0,0,0,0,0,0,1,0,2015,21,4.8,27,19,0.973684210526316
"728",0,0,0,0,1,0,0,0,0,0,0,0,0,0,0,0,0,0,1,2015,20.7,5.7,23,15.1,0.674185463659148
"729",0,0,0,0,1,0,0,0,0,0,0,0,0,0,0,0,1,0,0,2015,13,-6.2,23,8.1,0.718045112781955
"730",0,0,0,0,1,0,0,0,0,0,0,0,1,0,0,0,0,0,0,2015,24.9,7.5,33.1,16,0.941102756892231
"731",0,0,0,0,1,0,0,0,0,0,0,0,0,0,1,0,0,0,0,2015,21.1,-0.3,33.1,16,0.602756892230576
"732",0,0,0,0,1,0,0,0,0,0,0,0,0,1,0,0,0,0,0,2015,36.9,23.7,37.9,35.1,0.726817042606516
"733",0,0,0,0,1,0,0,0,0,0,0,0,0,0,0,0,0,1,0,2015,29.5,17.3,39,19,0.768170426065163
"734",0,0,0,0,1,0,0,0,0,0,0,0,0,0,0,0,0,0,1,2015,22.8,9.5,36,16,0.634085213032581
"735",0,0,0,0,1,0,0,0,0,0,0,0,0,0,0,0,1,0,0,2015,29.5,16.3,34,25,0.68671679197995
"736",0,0,0,0,1,0,0,0,0,0,0,0,1,0,0,0,0,0,0,2015,33.4,14.9,43,25,0.705513784461153
"737",0,0,0,0,1,0,0,0,0,0,0,0,0,0,1,0,0,0,0,2015,22.2,1.8,43,17.1,0.620300751879699
"738",0,0,0,0,1,0,0,0,0,0,0,0,0,1,0,0,0,0,0,2015,39.2,27.9,42.1,30.9,0.621553884711779
"739",0,0,0,0,1,0,0,0,0,0,0,0,0,0,0,0,0,1,0,2015,37.5,20.2,42.1,34,0.6265664160401
"740",0,0,0,0,1,0,0,0,0,0,0,0,0,0,0,0,0,0,1,2015,31.4,8.9,39.9,25,0.620300751879699
"741",0,0,0,0,1,0,0,0,0,0,0,0,0,0,0,0,1,0,0,2015,34.4,19,39.9,25,0.636591478696742
"742",0,0,0,0,1,0,0,0,0,0,0,0,1,0,0,0,0,0,0,2015,32.7,15.6,39.9,28,0.74937343358396
"743",0,0,0,0,1,0,0,0,0,0,0,0,0,0,1,0,0,0,0,2015,35.4,29.3,39,28,0.536340852130326
"744",0,0,0,0,1,0,0,0,0,0,0,0,0,0,0,1,0,0,0,2015,37.8,20,42.1,33.1,0.508771929824561
"745",0,0,0,0,1,0,0,0,0,0,0,0,0,1,0,0,0,0,0,2015,26.5,12.7,35.1,21.2,0.606516290726817
"746",0,0,0,0,1,0,0,0,0,0,0,0,0,0,0,0,0,0,1,2015,23.6,3.8,34,16,0.573934837092732
"747",0,0,0,0,1,0,0,0,0,0,0,0,0,0,0,0,1,0,0,2015,26.6,6.5,34,16,0.650375939849624
"748",0,0,0,0,1,0,0,0,0,0,0,0,1,0,0,0,0,0,0,2015,34.2,23,37.9,19,0.779448621553885
"749",0,0,0,0,1,0,0,0,0,0,0,0,0,0,1,0,0,0,0,2015,19.6,-0.2,37.9,12.9,0.659147869674185
"750",0,0,0,1,0,0,0,0,0,0,0,0,0,0,0,1,0,0,0,2015,27.6,11.4,36,19.9,0.452380952380952
"751",0,0,0,1,0,0,0,0,0,0,0,0,0,1,0,0,0,0,0,2015,29.9,25,36,19.9,0.852130325814536
"752",0,0,0,1,0,0,0,0,0,0,0,0,0,0,0,0,0,1,0,2015,18.1,7.6,34,12.9,0.927318295739348
"753",0,0,0,1,0,0,0,0,0,0,0,0,0,0,0,0,0,0,1,2015,31.2,17.3,42.1,12.9,0.733082706766917
"754",0,0,0,1,0,0,0,0,0,0,0,0,0,0,0,0,1,0,0,2015,33.8,16.1,43,21,0.713032581453634
"755",0,0,0,1,0,0,0,0,0,0,0,0,1,0,0,0,0,0,0,2015,17.9,-1.5,27,12,0.817042606516291
"756",0,0,0,1,0,0,0,0,0,0,0,0,0,0,1,0,0,0,0,2015,29.8,12.6,37.9,12,0.56265664160401
"757",0,0,0,1,0,0,0,0,0,0,0,0,0,0,0,1,0,0,0,2015,35.1,27.6,39.9,25,0.493734335839599
"758",0,0,0,1,0,0,0,0,0,0,0,0,0,1,0,0,0,0,0,2015,27.7,21,37,25,0.68546365914787
"759",0,0,0,1,0,0,0,0,0,0,0,0,0,0,0,0,0,1,0,2015,30,19.3,39.9,25,0.715538847117794
"760",0,0,0,1,0,0,0,0,0,0,0,0,0,0,0,0,0,0,1,2015,28.3,12.2,39.9,21.9,0.764411027568922
"761",0,0,0,1,0,0,0,0,0,0,0,0,0,0,0,0,1,0,0,2015,32.3,19.4,39.9,21.9,0.659147869674185
"762",0,0,0,1,0,0,0,0,0,0,0,0,1,0,0,0,0,0,0,2015,16.1,-4.7,39.9,8.1,0.948621553884712
"763",0,0,0,1,0,0,0,0,0,0,0,0,0,0,1,0,0,0,0,2015,23.4,4.9,32,8.1,0.546365914786967
"764",0,0,0,1,0,0,0,0,0,0,0,0,0,0,0,1,0,0,0,2015,18.9,4.1,32,10,0.568922305764411
"765",0,0,0,1,0,0,0,0,0,0,0,0,0,1,0,0,0,0,0,2015,9.8,-11.8,25,3,0.503759398496241
"766",0,0,0,1,0,0,0,0,0,0,0,0,0,0,0,0,0,1,0,2015,20.2,5,27,3,0.776942355889724
"767",0,0,0,1,0,0,0,0,0,0,0,0,0,0,0,0,0,0,1,2015,24.9,10.3,33.1,14,0.784461152882206
"768",0,0,0,1,0,0,0,0,0,0,0,0,0,0,0,0,1,0,0,2015,20.9,2.1,33.1,14,0.645363408521303
"769",0,0,0,1,0,0,0,0,0,0,0,0,1,0,0,0,0,0,0,2015,10,-11.1,27,1.9,0.778195488721805
"770",0,0,0,1,0,0,0,0,0,0,0,0,0,0,1,0,0,0,0,2015,20.5,3.2,28.9,1.9,0.647869674185464
"771",0,0,0,1,0,0,0,0,0,0,0,0,0,0,0,1,0,0,0,2015,34.3,28.2,43,28.9,0.650375939849624
"772",0,0,0,1,0,0,0,0,0,0,0,0,0,1,0,0,0,0,0,2015,28.2,8.4,43,15.1,0.719298245614035
"773",0,0,0,1,0,0,0,0,0,0,0,0,0,0,0,0,0,1,0,2015,12.1,-6.8,21.9,3.9,0.726817042606516
"774",0,0,0,1,0,0,0,0,0,0,0,0,0,0,0,0,0,0,1,2015,27.6,9.5,37,19.9,0.786967418546366
"775",0,0,0,1,0,0,0,0,0,0,0,0,0,0,0,0,1,0,0,2015,26.8,8.2,37,19.9,0.675438596491228
"776",0,0,0,1,0,0,0,0,0,0,0,0,1,0,0,0,0,0,0,2015,23.2,5,32,18,0.880952380952381
"777",0,0,0,1,0,0,0,0,0,0,0,0,0,0,1,0,0,0,0,2015,21.5,-1.9,30,12.9,0.674185463659148
"778",0,0,0,0,0,0,0,1,0,0,0,0,0,0,0,1,0,0,0,2015,27.2,7,30.9,24.1,0.868421052631579
"779",0,0,0,0,0,0,0,1,0,0,0,0,0,1,0,0,0,0,0,2015,32.4,19.1,39,24.1,0.81453634085213
"780",0,0,0,0,0,0,0,1,0,0,0,0,0,0,0,0,0,1,0,2015,28.2,11.9,39,21.9,0.790726817042607
"781",0,0,0,0,0,0,0,1,0,0,0,0,0,0,0,0,0,0,1,2015,38.5,33,45,30.9,0.719298245614035
"782",0,0,0,0,0,0,0,1,0,0,0,0,0,0,1,0,0,0,0,2015,26.1,8.7,37.9,12,0.724310776942356
"783",0,0,0,0,0,0,0,1,0,0,0,0,0,0,0,1,0,0,0,2015,41.4,21.3,48.9,37,0.581453634085213
"784",0,0,0,0,0,0,0,1,0,0,0,0,0,1,0,0,0,0,0,2015,46.6,23,54,37,0.828320802005013
"785",0,0,0,0,0,0,0,1,0,0,0,0,0,0,0,0,0,1,0,2015,47.2,30.1,54,39,0.731829573934837
"786",0,0,0,0,0,0,0,1,0,0,0,0,0,0,0,0,0,0,1,2015,48.8,39.6,59,39,0.708020050125313
"787",0,0,0,0,0,0,0,1,0,0,0,0,0,0,0,0,1,0,0,2015,45.1,11,59,39.9,0.734335839598998
"788",0,0,0,0,0,0,0,1,0,0,0,0,1,0,0,0,0,0,0,2015,37.6,4.8,46.9,30.9,0.763157894736842
"789",0,0,0,0,0,0,0,1,0,0,0,0,0,0,1,0,0,0,0,2015,44,37.5,51.1,30.9,0.635338345864662
"790",0,0,0,0,0,0,0,1,0,0,0,0,0,0,0,1,0,0,0,2015,42.4,31.3,51.1,39,0.575187969924812
"791",0,0,0,0,0,0,0,1,0,0,0,0,0,1,0,0,0,0,0,2015,40.7,23.7,52,35.1,0.662907268170426
"792",0,0,0,0,0,0,0,1,0,0,0,0,0,0,0,0,0,1,0,2015,49.7,31.1,57,35.1,0.661654135338346
"793",0,0,0,0,0,0,0,1,0,0,0,0,0,0,0,0,0,0,1,2015,33.9,8.7,39,30,0.68546365914787
"794",0,0,0,0,0,0,0,1,0,0,0,0,0,0,0,0,1,0,0,2015,34,5.1,43,28.9,0.729323308270677
"795",0,0,0,0,0,0,0,1,0,0,0,0,1,0,0,0,0,0,0,2015,34.5,12.3,43,28.9,0.714285714285714
"796",0,0,0,0,0,0,0,1,0,0,0,0,0,0,1,0,0,0,0,2015,33.7,27.5,45,28.4,0.635338345864662
"797",0,0,0,0,0,0,0,1,0,0,0,0,0,0,0,1,0,0,0,2015,39.1,16.9,46.9,28.9,0.541353383458647
"798",0,0,0,0,0,0,0,1,0,0,0,0,0,1,0,0,0,0,0,2015,30.3,4.3,43,23,0.734335839598998
"799",0,0,0,0,0,0,0,1,0,0,0,0,0,0,0,0,0,1,0,2015,33.8,5.9,45,23,0.753132832080201
"800",0,0,0,0,0,0,0,1,0,0,0,0,0,0,0,0,0,0,1,2015,39.9,20.1,48.9,26.1,0.674185463659148
"801",0,0,0,0,0,0,0,1,0,0,0,0,0,0,0,0,1,0,0,2015,46.9,42.5,61,34,0.657894736842105
"802",0,0,0,0,0,0,0,1,0,0,0,0,1,0,0,0,0,0,0,2015,43.9,36.6,62.1,39,0.666666666666667
"803",0,0,0,0,0,0,0,1,0,0,0,0,0,0,1,0,0,0,0,2015,37.2,21.1,46,33.1,0.575187969924812
"804",0,0,0,0,0,0,0,1,0,0,0,0,0,0,0,1,0,0,0,2015,33.4,6.3,46,25,0.632832080200501
"805",0,0,0,0,0,0,0,1,0,0,0,0,0,1,0,0,0,0,0,2015,43.3,20.5,54,25,0.696741854636591
"806",0,0,0,0,0,0,0,1,0,0,0,0,0,0,0,0,0,1,0,2015,42.2,27.9,54,36,0.786967418546366
"807",1,0,0,0,0,0,0,0,0,0,0,0,0,0,0,0,0,0,1,2015,38.9,22.1,51.1,32,0.81203007518797
"808",1,0,0,0,0,0,0,0,0,0,0,0,0,0,0,0,1,0,0,2015,51.8,21.2,66.9,32,0.818295739348371
"809",1,0,0,0,0,0,0,0,0,0,0,0,1,0,0,0,0,0,0,2015,61.1,43.9,64,59,0.615288220551378
"810",1,0,0,0,0,0,0,0,0,0,0,0,0,0,1,0,0,0,0,2015,52.9,35.8,64,46,0.635338345864662
"811",1,0,0,0,0,0,0,0,0,0,0,0,0,0,0,1,0,0,0,2015,49.3,20.8,61,42.1,0.528822055137845
"812",1,0,0,0,0,0,0,0,0,0,0,0,0,1,0,0,0,0,0,2015,50.8,34.8,62.1,42.1,0.639097744360902
"813",1,0,0,0,0,0,0,0,0,0,0,0,0,0,0,0,0,1,0,2015,54.9,41,63,42.1,0.566416040100251
"814",1,0,0,0,0,0,0,0,0,0,0,0,0,0,0,0,0,0,1,2015,42.3,32.8,44.1,41,0.572681704260652
"815",1,0,0,0,0,0,0,0,0,0,0,0,0,0,0,0,1,0,0,2015,38.8,33.5,45,37,0.566416040100251
"816",1,0,0,0,0,0,0,0,0,0,0,0,1,0,0,0,0,0,0,2015,44.6,41.3,55.9,37,0.609022556390977
"817",1,0,0,0,0,0,0,0,0,0,0,0,0,0,1,0,0,0,0,2015,54.1,34.6,57,39,0.721804511278195
"818",1,0,0,0,0,0,0,0,0,0,0,0,0,0,0,1,0,0,0,2015,51.3,26.1,66,43,0.555137844611529
"819",1,0,0,0,0,0,0,0,0,0,0,0,0,1,0,0,0,0,0,2015,57.7,35.7,68,43,0.694235588972431
"820",1,0,0,0,0,0,0,0,0,0,0,0,0,0,0,0,0,1,0,2015,60.7,41.5,68,50,0.679197994987469
"821",1,0,0,0,0,0,0,0,0,0,0,0,0,0,0,0,0,0,1,2015,61,22.9,71.1,51.1,0.745614035087719
"822",1,0,0,0,0,0,0,0,0,0,0,0,0,0,0,0,1,0,0,2015,58,21,72,51.1,0.701754385964912
"823",1,0,0,0,0,0,0,0,0,0,0,0,1,0,0,0,0,0,0,2015,60.5,48.6,71.1,52,0.850877192982456
"824",1,0,0,0,0,0,0,0,0,0,0,0,0,0,1,0,0,0,0,2015,68,43.4,80.1,55,0.758145363408521
"825",1,0,0,0,0,0,0,0,0,0,0,0,0,0,0,1,0,0,0,2015,58.7,27.8,80.1,50,0.590225563909774
"826",1,0,0,0,0,0,0,0,0,0,0,0,0,1,0,0,0,0,0,2015,51.1,45.5,64,46,0.789473684210526
"827",1,0,0,0,0,0,0,0,0,0,0,0,0,0,0,0,0,1,0,2015,56.3,44.9,64,46,0.808270676691729
"828",1,0,0,0,0,0,0,0,0,0,0,0,0,0,0,0,0,0,1,2015,57.7,34.7,69.1,50,0.711779448621554
"829",1,0,0,0,0,0,0,0,0,0,0,0,0,0,0,0,1,0,0,2015,46.8,26.5,54,42.1,0.766917293233083
"830",1,0,0,0,0,0,0,0,0,0,0,0,1,0,0,0,0,0,0,2015,43.5,17.9,52,39,0.847117794486215
"831",1,0,0,0,0,0,0,0,0,0,0,0,0,0,1,0,0,0,0,2015,47,21.2,62.1,37.9,0.741854636591479
"832",1,0,0,0,0,0,0,0,0,0,0,0,0,0,0,1,0,0,0,2015,54.1,27.4,64,37.9,0.597744360902256
"833",1,0,0,0,0,0,0,0,0,0,0,0,0,1,0,0,0,0,0,2015,54.5,29.2,64,46,0.699248120300752
"834",1,0,0,0,0,0,0,0,0,0,0,0,0,0,0,0,0,1,0,2015,59,34.1,71.1,48.9,0.768170426065163
"835",1,0,0,0,0,0,0,0,0,0,0,0,0,0,0,0,0,0,1,2015,64.9,36.8,78.1,50,0.850877192982456
"836",1,0,0,0,0,0,0,0,0,0,0,0,0,0,0,0,1,0,0,2015,55.6,38.9,78.1,48,0.802005012531328
"837",0,0,0,0,0,0,0,0,1,0,0,0,1,0,0,0,0,0,0,2015,53.6,38.7,66.9,48,0.804511278195489
"838",0,0,0,0,0,0,0,0,1,0,0,0,0,0,1,0,0,0,0,2015,55.1,40.1,73.9,48,0.676691729323308
"839",0,0,0,0,0,0,0,0,1,0,0,0,0,0,0,1,0,0,0,2015,61.6,36.8,80.1,48,0.695488721804511
"840",0,0,0,0,0,0,0,0,1,0,0,0,0,1,0,0,0,0,0,2015,70.1,44,84.9,51.1,0.803258145363409
"841",0,0,0,0,0,0,0,0,1,0,0,0,0,0,0,0,0,1,0,2015,73.7,48.8,84.9,57,0.799498746867168
"842",0,0,0,0,0,0,0,0,1,0,0,0,0,0,0,0,0,0,1,2015,68.1,42.9,84.9,63,0.711779448621554
"843",0,0,0,0,0,0,0,0,1,0,0,0,0,0,0,0,1,0,0,2015,66.2,43.2,80.1,55.9,0.857142857142857
"844",0,0,0,0,0,0,0,0,1,0,0,0,1,0,0,0,0,0,0,2015,66.9,51.7,82,55.9,0.888471177944862
"845",0,0,0,0,0,0,0,0,1,0,0,0,0,0,1,0,0,0,0,2015,62.3,54.7,82,55.9,0.701754385964912
"846",0,0,0,0,0,0,0,0,1,0,0,0,0,0,0,1,0,0,0,2015,70,60.5,82.9,57,0.68796992481203
"847",0,0,0,0,0,0,0,0,1,0,0,0,0,1,0,0,0,0,0,2015,75.3,65,84,61,0.808270676691729
"848",0,0,0,0,0,0,0,0,1,0,0,0,0,0,0,0,0,1,0,2015,75.6,61.1,84.9,68,0.857142857142857
"849",0,0,0,0,0,0,0,0,1,0,0,0,0,0,0,0,0,0,1,2015,64.5,39.8,86,57.9,0.820802005012531
"850",0,0,0,0,0,0,0,0,1,0,0,0,0,0,0,0,1,0,0,2015,60,32.8,73,50,0.819548872180451
"851",0,0,0,0,0,0,0,0,1,0,0,0,1,0,0,0,0,0,0,2015,63.1,39.2,75,50,0.906015037593985
"852",0,0,0,0,0,0,0,0,1,0,0,0,0,0,1,0,0,0,0,2015,65.4,52.4,75,57,0.81453634085213
"853",0,0,0,0,0,0,0,0,1,0,0,0,0,0,0,1,0,0,0,2015,72.2,63.7,82.9,57,0.680451127819549
"854",0,0,0,0,0,0,0,0,1,0,0,0,0,1,0,0,0,0,0,2015,67.2,58.5,82.9,60.1,0.709273182957393
"855",0,0,0,0,0,0,0,0,1,0,0,0,0,0,0,0,0,1,0,2015,65.2,57.3,80.1,59,0.759398496240602
"856",0,0,0,0,0,0,0,0,1,0,0,0,0,0,0,0,0,0,1,2015,62,42.6,73.9,57,0.834586466165414
"857",0,0,0,0,0,0,0,0,1,0,0,0,0,0,0,0,1,0,0,2015,56.7,36.2,66.9,52,0.770676691729323
"858",0,0,0,0,0,0,0,0,1,0,0,0,1,0,0,0,0,0,0,2015,62.1,41,73.9,52,0.911027568922306
"859",0,0,0,0,0,0,0,0,1,0,0,0,0,0,1,0,0,0,0,2015,59.3,28.3,73.9,48.9,0.684210526315789
"860",0,0,0,0,0,0,0,0,1,0,0,0,0,0,0,1,0,0,0,2015,66.2,41.2,81,48.9,0.541353383458647
"861",0,0,0,0,0,0,0,0,1,0,0,0,0,1,0,0,0,0,0,2015,73.8,53.8,84.9,64.9,0.526315789473684
"862",0,0,0,0,0,0,0,0,1,0,0,0,0,0,0,0,0,1,0,2015,76.1,57.5,88,64,0.859649122807018
"863",0,0,0,0,0,0,0,0,1,0,0,0,0,0,0,0,0,0,1,2015,75.7,63.3,88,66.9,0.8734335839599
"864",0,0,0,0,0,0,0,0,1,0,0,0,0,0,0,0,1,0,0,2015,75.9,65.9,84.9,70,0.854636591478697
"865",0,0,0,0,0,0,0,0,1,0,0,0,0,0,1,0,0,0,0,2015,73.5,62.1,84.9,64.9,0.779448621553885
"866",0,0,0,0,0,0,0,0,1,0,0,0,0,0,0,1,0,0,0,2015,74.4,63.8,87.1,66.9,0.695488721804511
"867",0,0,0,0,0,0,1,0,0,0,0,0,0,1,0,0,0,0,0,2015,58,55,69.1,55,0.865914786967419
"868",0,0,0,0,0,0,1,0,0,0,0,0,0,0,0,0,0,1,0,2015,52.4,49.4,57.9,50,0.804511278195489
"869",0,0,0,0,0,0,1,0,0,0,0,0,0,0,0,0,0,0,1,2015,58,49.6,70,52,0.824561403508772
"870",0,0,0,0,0,0,1,0,0,0,0,0,0,0,0,0,1,0,0,2015,58,48.1,70,52,0.691729323308271
"871",0,0,0,0,0,0,1,0,0,0,0,0,1,0,0,0,0,0,0,2015,59.4,51,70,54,0.867167919799499
"872",0,0,0,0,0,0,1,0,0,0,0,0,0,0,1,0,0,0,0,2015,65.9,53.9,75.9,55,0.74937343358396
"873",0,0,0,0,0,0,1,0,0,0,0,0,0,0,0,1,0,0,0,2015,65,40.3,75.9,55,0.700501253132832
"874",0,0,0,0,0,0,1,0,0,0,0,0,0,1,0,0,0,0,0,2015,68.6,55.2,79,63,0.794486215538847
"875",0,0,0,0,0,0,1,0,0,0,0,0,0,0,0,0,0,1,0,2015,73.7,63.4,82.9,63,0.817042606516291
"876",0,0,0,0,0,0,1,0,0,0,0,0,0,0,0,0,0,0,1,2015,74,55.9,82.9,64.9,0.835839598997494
"877",0,0,0,0,0,0,1,0,0,0,0,0,0,0,0,0,1,0,0,2015,79.6,62.3,89.1,72,0.834586466165414
"878",0,0,0,0,0,0,1,0,0,0,0,0,1,0,0,0,0,0,0,2015,81.6,63.9,89.1,72,0.56516290726817
"879",0,0,0,0,0,0,1,0,0,0,0,0,0,0,1,0,0,0,0,2015,81.4,61.3,88,73,0.494987468671679
"880",0,0,0,0,0,0,1,0,0,0,0,0,0,0,0,1,0,0,0,2015,77.9,57.4,88,71.1,0.724310776942356
"881",0,0,0,0,0,0,1,0,0,0,0,0,0,1,0,0,0,0,0,2015,70.8,65.6,88,64.9,0.634085213032581
"882",0,0,0,0,0,0,1,0,0,0,0,0,0,0,0,0,0,1,0,2015,69.9,64.5,82.9,64,0.743107769423559
"883",0,0,0,0,0,0,1,0,0,0,0,0,0,0,0,0,0,0,1,2015,73.3,58.7,82,64.9,0.884711779448622
"884",0,0,0,0,0,0,1,0,0,0,0,0,0,0,0,0,1,0,0,2015,66.8,58.2,71.1,64,0.770676691729323
"885",0,0,0,0,0,0,1,0,0,0,0,0,1,0,0,0,0,0,0,2015,74.6,62.5,87.1,64,0.917293233082707
"886",0,0,0,0,0,0,1,0,0,0,0,0,0,0,1,0,0,0,0,2015,70.1,57.4,81,64,0.632832080200501
"887",0,0,0,0,0,0,1,0,0,0,0,0,0,0,0,1,0,0,0,2015,76.3,67.8,88,64,0.776942355889724
"888",0,0,0,0,0,0,1,0,0,0,0,0,0,1,0,0,0,0,0,2015,78.3,62.1,87.1,70,0.969924812030075
"889",0,0,0,0,0,0,1,0,0,0,0,0,0,0,0,0,0,1,0,2015,82.1,66.8,90,70,0.880952380952381
"890",0,0,0,0,0,0,1,0,0,0,0,0,0,0,0,0,0,0,1,2015,76.7,57.5,90,68,0.974937343358396
"891",0,0,0,0,0,0,1,0,0,0,0,0,0,0,0,0,1,0,0,2015,75,50.4,84,64.9,0.839598997493734
"892",0,0,0,0,0,0,1,0,0,0,0,0,1,0,0,0,0,0,0,2015,74.4,57.6,82.9,64.9,0.969924812030075
"893",0,0,0,0,0,0,1,0,0,0,0,0,0,0,1,0,0,0,0,2015,67.7,56,81,60.1,0.745614035087719
"894",0,0,0,0,0,0,1,0,0,0,0,0,0,0,0,1,0,0,0,2015,64.3,60,73,57.9,0.670426065162907
"895",0,0,0,0,0,0,1,0,0,0,0,0,0,1,0,0,0,0,0,2015,70.3,55.2,75.9,62.1,0.829573934837093
"896",0,0,0,0,0,0,1,0,0,0,0,0,0,0,0,0,0,1,0,2015,74.5,58,82,63,0.779448621553885
"897",0,0,0,0,0,1,0,0,0,0,0,0,0,0,0,0,0,0,1,2015,75,65.1,82,68,0.855889724310777
"898",0,0,0,0,0,1,0,0,0,0,0,0,0,0,0,0,1,0,0,2015,74.7,57.9,82,69.1,0.755639097744361
"899",0,0,0,0,0,1,0,0,0,0,0,0,1,0,0,0,0,0,0,2015,73.5,54.4,81,66,0.68796992481203
"900",0,0,0,0,0,1,0,0,0,0,0,0,0,0,1,0,0,0,0,2015,72,57.9,82,66,0.487468671679198
"901",0,0,0,0,0,1,0,0,0,0,0,0,0,0,0,1,0,0,0,2015,74.6,58.9,82.9,68,0.585213032581454
"902",0,0,0,0,0,1,0,0,0,0,0,0,0,1,0,0,0,0,0,2015,76.8,64.9,82.9,68,0.74937343358396
"903",0,0,0,0,0,1,0,0,0,0,0,0,0,0,0,0,0,1,0,2015,78.7,69.7,88,72,0.80952380952381
"904",0,0,0,0,0,1,0,0,0,0,0,0,0,0,0,0,0,0,1,2015,80.5,69.2,88,75,0.776942355889724
"905",0,0,0,0,0,1,0,0,0,0,0,0,0,0,0,0,1,0,0,2015,74.7,64.2,88,68,0.710526315789474
"906",0,0,0,0,0,1,0,0,0,0,0,0,1,0,0,0,0,0,0,2015,76.1,62.7,84,68,0.888471177944862
"907",0,0,0,0,0,1,0,0,0,0,0,0,0,0,1,0,0,0,0,2015,78.7,55.6,88,69.1,0.74812030075188
"908",0,0,0,0,0,1,0,0,0,0,0,0,0,0,0,1,0,0,0,2015,79.9,59.1,89.1,69.1,0.652882205513785
"909",0,0,0,0,0,1,0,0,0,0,0,0,0,1,0,0,0,0,0,2015,79.5,60.6,89.1,72,0.837092731829574
"910",0,0,0,0,0,1,0,0,0,0,0,0,0,0,0,0,0,1,0,2015,75.3,64.9,88,73,0.823308270676692
"911",0,0,0,0,0,1,0,0,0,0,0,0,0,0,0,0,0,0,1,2015,77,70,82,73,0.765664160401002
"912",0,0,0,0,0,1,0,0,0,0,0,0,0,0,0,0,1,0,0,2015,72.8,49.1,81,64,0.859649122807018
"913",0,0,0,0,0,1,0,0,0,0,0,0,1,0,0,0,0,0,0,2015,72.5,57.8,81,64,0.825814536340852
"914",0,0,0,0,0,1,0,0,0,0,0,0,0,0,1,0,0,0,0,2015,76.2,66.1,84.9,66.9,0.703007518796993
"915",0,0,0,0,0,1,0,0,0,0,0,0,0,0,0,1,0,0,0,2015,84.9,70.2,93,71.1,0.682957393483709
"916",0,0,0,0,0,1,0,0,0,0,0,0,0,1,0,0,0,0,0,2015,88,68.8,93.9,78.1,0.911027568922306
"917",0,0,0,0,0,1,0,0,0,0,0,0,0,0,0,0,0,1,0,2015,83.7,64.7,93.9,79,0.759398496240602
"918",0,0,0,0,0,1,0,0,0,0,0,0,0,0,0,0,0,0,1,2015,77.3,53.4,89.1,69.1,0.774436090225564
"919",0,0,0,0,0,1,0,0,0,0,0,0,0,0,0,0,1,0,0,2015,76.7,49,86,68,0.780701754385965
"920",0,0,0,0,0,1,0,0,0,0,0,0,1,0,0,0,0,0,0,2015,77.8,49,87.1,68,0.614035087719298
"921",0,0,0,0,0,1,0,0,0,0,0,0,0,0,1,0,0,0,0,2015,78.2,54.5,88,69.1,0.56516290726817
"922",0,0,0,0,0,1,0,0,0,0,0,0,0,0,0,1,0,0,0,2015,79.8,61.4,90,69.1,0.69047619047619
"923",0,0,0,0,0,1,0,0,0,0,0,0,0,1,0,0,0,0,0,2015,78.5,65.3,90,71.1,0.784461152882206
"924",0,0,0,0,0,1,0,0,0,0,0,0,0,0,0,0,0,1,0,2015,82.7,65.1,95,71.1,0.805764411027569
"925",0,0,0,0,0,1,0,0,0,0,0,0,0,0,0,0,0,0,1,2015,85.4,65.7,96.1,75,0.788220551378446
"926",0,0,0,0,0,1,0,0,0,0,0,0,0,0,0,0,1,0,0,2015,80.5,71.9,86,75.2,0.898496240601504
"927",0,0,0,0,0,1,0,0,0,0,0,0,1,0,0,0,0,0,0,2015,80.5,61.4,89.1,72,0.943609022556391
"928",0,1,0,0,0,0,0,0,0,0,0,0,0,0,1,0,0,0,0,2015,81.6,57.2,89.1,72,0.837092731829574
"929",0,1,0,0,0,0,0,0,0,0,0,0,0,0,0,1,0,0,0,2015,79.9,55.9,89.1,71.1,0.68922305764411
"930",0,1,0,0,0,0,0,0,0,0,0,0,0,1,0,0,0,0,0,2015,81.3,60,89.1,71.1,0.883458646616541
"931",0,1,0,0,0,0,0,0,0,0,0,0,0,0,0,0,0,1,0,2015,80.7,61.2,90,69.1,0.834586466165414
"932",0,1,0,0,0,0,0,0,0,0,0,0,0,0,0,0,0,0,1,2015,79.3,55.3,89.1,69.1,0.775689223057644
"933",0,1,0,0,0,0,0,0,0,0,0,0,0,0,0,0,1,0,0,2015,75.6,52.2,87.1,66.9,0.789473684210526
"934",0,1,0,0,0,0,0,0,0,0,0,0,1,0,0,0,0,0,0,2015,76.4,53.9,84,66.9,0.909774436090226
"935",0,1,0,0,0,0,0,0,0,0,0,0,0,0,1,0,0,0,0,2015,74.7,55.3,84,68,0.682957393483709
"936",0,1,0,0,0,0,0,0,0,0,0,0,0,0,0,1,0,0,0,2015,75,57,84.9,68,0.612781954887218
"937",0,1,0,0,0,0,0,0,0,0,0,0,0,1,0,0,0,0,0,2015,74.9,60,84.9,68,0.765664160401002
"938",0,1,0,0,0,0,0,0,0,0,0,0,0,0,0,0,0,1,0,2015,74.9,66.5,84,70,0.753132832080201
"939",0,1,0,0,0,0,0,0,0,0,0,0,0,0,0,0,0,0,1,2015,77,59.7,84.9,71.1,0.805764411027569
"940",0,1,0,0,0,0,0,0,0,0,0,0,0,0,0,0,1,0,0,2015,75.4,53.9,84.9,66.9,0.894736842105263
"941",0,1,0,0,0,0,0,0,0,0,0,0,1,0,0,0,0,0,0,2015,77.1,53.2,88,66.9,0.913533834586466
"942",0,1,0,0,0,0,0,0,0,0,0,0,0,0,1,0,0,0,0,2015,80.7,60.6,91.9,66.9,0.729323308270677
"943",0,1,0,0,0,0,0,0,0,0,0,0,0,0,0,1,0,0,0,2015,82.8,63.9,93,75.9,0.691729323308271
"944",0,1,0,0,0,0,0,0,0,0,0,0,0,1,0,0,0,0,0,2015,84.4,64.9,95,75.9,0.741854636591479
"945",0,1,0,0,0,0,0,0,0,0,0,0,0,0,0,0,0,1,0,2015,81.8,67,95,73,0.780701754385965
"946",0,1,0,0,0,0,0,0,0,0,0,0,0,0,0,0,0,0,1,2015,80,70.1,90,73,0.744360902255639
"947",0,1,0,0,0,0,0,0,0,0,0,0,0,0,0,0,1,0,0,2015,80.5,70.1,87.1,77,0.75187969924812
"948",0,1,0,0,0,0,0,0,0,0,0,0,1,0,0,0,0,0,0,2015,78.7,65,87.1,71.1,0.943609022556391
"949",0,1,0,0,0,0,0,0,0,0,0,0,0,0,1,0,0,0,0,2015,76.9,53.1,87.1,69.1,0.728070175438597
"950",0,1,0,0,0,0,0,0,0,0,0,0,0,0,0,1,0,0,0,2015,76,60.3,86,69.1,0.616541353383459
"951",0,1,0,0,0,0,0,0,0,0,0,0,0,1,0,0,0,0,0,2015,78.2,64.3,87.1,70,0.720551378446115
"952",0,1,0,0,0,0,0,0,0,0,0,0,0,0,0,0,0,1,0,2015,80.9,64.3,89.1,73,0.745614035087719
"953",0,1,0,0,0,0,0,0,0,0,0,0,0,0,0,0,0,0,1,2015,76,51.4,90,66.9,0.759398496240602
"954",0,1,0,0,0,0,0,0,0,0,0,0,0,0,0,0,1,0,0,2015,73.8,52.5,84.9,66.9,0.769423558897243
"955",0,1,0,0,0,0,0,0,0,0,0,0,1,0,0,0,0,0,0,2015,72.7,51.5,82,63,0.763157894736842
"956",0,1,0,0,0,0,0,0,0,0,0,0,0,0,1,0,0,0,0,2015,75.7,53.9,87.1,63,0.675438596491228
"957",0,1,0,0,0,0,0,0,0,0,0,0,0,0,0,1,0,0,0,2015,79.1,61.9,90,66.9,0.705513784461153
"958",0,1,0,0,0,0,0,0,0,0,0,0,0,1,0,0,0,0,0,2015,81.7,66,91,72,0.769423558897243
"959",0,0,0,0,0,0,0,0,0,0,0,1,0,0,0,0,0,1,0,2015,82,64,91,75.9,0.784461152882206
"960",0,0,0,0,0,0,0,0,0,0,0,1,0,0,0,0,0,0,1,2015,81.1,64.3,91,73.9,0.819548872180451
"961",0,0,0,0,0,0,0,0,0,0,0,1,0,0,0,0,1,0,0,2015,82.6,64.2,93,73.9,0.833333333333333
"962",0,0,0,0,0,0,0,0,0,0,0,1,1,0,0,0,0,0,0,2015,80.6,65.2,93,73.9,0.805764411027569
"963",0,0,0,0,0,0,0,0,0,0,0,1,0,0,1,0,0,0,0,2015,74,57.1,84.9,66.9,0.677944862155389
"964",0,0,0,0,0,0,0,0,0,0,0,1,0,0,0,1,0,0,0,2015,74.1,55.8,87.1,64.9,0.631578947368421
"965",0,0,0,0,0,0,0,0,0,0,0,1,0,1,0,0,0,0,0,2015,78.4,60.5,91.9,64.9,0.607769423558897
"966",0,0,0,0,0,0,0,0,0,0,0,1,0,0,0,0,0,1,0,2015,84.2,64.2,97,70,0.996240601503759
"967",0,0,0,0,0,0,0,0,0,0,0,1,0,0,0,0,0,0,1,2015,82,68.8,97,75.9,0.927318295739348
"968",0,0,0,0,0,0,0,0,0,0,0,1,0,0,0,0,1,0,0,2015,75.2,69.8,90,71.1,0.897243107769424
"969",0,0,0,0,0,0,0,0,0,0,0,1,1,0,0,0,0,0,0,2015,72.3,63.1,81,66,0.958646616541353
"970",0,0,0,0,0,0,0,0,0,0,0,1,0,0,1,0,0,0,0,2015,74,63.4,81,66,0.694235588972431
"971",0,0,0,0,0,0,0,0,0,0,0,1,0,0,0,1,0,0,0,2015,72,62.5,80.1,66.9,0.598997493734336
"972",0,0,0,0,0,0,0,0,0,0,0,1,0,1,0,0,0,0,0,2015,66.4,46.7,80.1,59,0.725563909774436
"973",0,0,0,0,0,0,0,0,0,0,0,1,0,0,0,0,0,1,0,2015,72,48.2,82.9,63,0.725563909774436
"974",0,0,0,0,0,0,0,0,0,0,0,1,0,0,0,0,0,0,1,2015,75.8,53.6,88,62.1,0.93734335839599
"975",0,0,0,0,0,0,0,0,0,0,0,1,0,0,0,0,1,0,0,2015,77,55.4,89.1,66,0.932330827067669
"976",0,0,0,0,0,0,0,0,0,0,0,1,1,0,0,0,0,0,0,2015,76.3,54.7,89.1,68,0.952380952380952
"977",0,0,0,0,0,0,0,0,0,0,0,1,0,0,1,0,0,0,0,2015,74.7,61.8,87.1,68,0.820802005012531
"978",0,0,0,0,0,0,0,0,0,0,0,1,0,0,0,1,0,0,0,2015,73.9,57,82.9,68,0.696741854636591
"979",0,0,0,0,0,0,0,0,0,0,0,1,0,1,0,0,0,0,0,2015,65.8,42.9,79,59,0.781954887218045
"980",0,0,0,0,0,0,0,0,0,0,0,1,0,0,0,0,0,1,0,2015,66.8,47.6,73,59,0.715538847117794
"981",0,0,0,0,0,0,0,0,0,0,0,1,0,0,0,0,0,0,1,2015,68.4,47.9,80.1,59,0.62781954887218
"982",0,0,0,0,0,0,0,0,0,0,0,1,0,0,0,0,1,0,0,2015,69.7,51.9,82,59,0.775689223057644
"983",0,0,0,0,0,0,0,0,0,0,0,1,1,0,0,0,0,0,0,2015,69,52.3,82,60.1,0.733082706766917
"984",0,0,0,0,0,0,0,0,0,0,0,1,0,0,1,0,0,0,0,2015,66.5,49.1,75.9,62.1,0.697994987468672
"985",0,0,0,0,0,0,0,0,0,0,0,1,0,0,0,1,0,0,0,2015,63.5,50,72,55.9,0.617794486215539
"986",0,0,0,0,0,0,0,0,0,0,0,1,0,1,0,0,0,0,0,2015,70.1,60.3,78.8,64.9,0.734335839598998
"987",0,0,0,0,0,0,0,0,0,0,0,1,0,0,0,0,0,1,0,2015,75.6,67.3,82.9,64.9,0.697994987468672
"988",0,0,0,0,0,0,0,0,0,0,0,1,0,0,0,0,0,0,1,2015,73.5,67.6,82.9,66.9,0.794486215538847
"989",0,0,0,0,0,0,0,0,0,0,1,0,0,0,0,0,1,0,0,2015,59.8,48.7,79,55.9,0.855889724310777
"990",0,0,0,0,0,0,0,0,0,0,1,0,1,0,0,0,0,0,0,2015,52.7,46.5,57,48.2,1
"991",0,0,0,0,0,0,0,0,0,0,1,0,0,0,1,0,0,0,0,2015,50.2,45,57,48,0.696741854636591
"992",0,0,0,0,0,0,0,0,0,0,1,0,0,0,0,1,0,0,0,2015,56.5,42.3,63,48.9,0.671679197994987
"993",0,0,0,0,0,0,0,0,0,0,1,0,0,1,0,0,0,0,0,2015,57.7,43.4,66.9,52,0.74812030075188
"994",0,0,0,0,0,0,0,0,0,0,1,0,0,0,0,0,0,1,0,2015,61.2,45.4,73,52,0.790726817042607
"995",0,0,0,0,0,0,0,0,0,0,1,0,0,0,0,0,0,0,1,2015,64.9,49.3,73,52,0.837092731829574
"996",0,0,0,0,0,0,0,0,0,0,1,0,0,0,0,0,1,0,0,2015,63.8,49.4,73,57.9,0.834586466165414
"997",0,0,0,0,0,0,0,0,0,0,1,0,1,0,0,0,0,0,0,2015,66.6,58.4,78.1,59,0.957393483709273
"998",0,0,0,0,0,0,0,0,0,0,1,0,0,0,1,0,0,0,0,2015,58.9,42.6,78.1,50,0.81328320802005
"999",0,0,0,0,0,0,0,0,0,0,1,0,0,0,0,1,0,0,0,2015,59.3,42.6,69.1,50,0.700501253132832
"1000",0,0,0,0,0,0,0,0,0,0,1,0,0,1,0,0,0,0,0,2015,64.4,46.5,77,53.1,0.632832080200501
"1001",0,0,0,0,0,0,0,0,0,0,1,0,0,0,0,0,0,1,0,2015,65.8,54.3,77,55.9,0.907268170426065
"1002",0,0,0,0,0,0,0,0,0,0,1,0,0,0,0,0,0,0,1,2015,63.8,47,72,57,0.824561403508772
"1003",0,0,0,0,0,0,0,0,0,0,1,0,0,0,0,0,1,0,0,2015,58.2,39.4,69.1,51.1,0.855889724310777
"1004",0,0,0,0,0,0,0,0,0,0,1,0,1,0,0,0,0,0,0,2015,58.5,38.7,64,51.1,0.847117794486215
"1005",0,0,0,0,0,0,0,0,0,0,1,0,0,0,1,0,0,0,0,2015,51.6,31.2,64,48,0.708020050125313
"1006",0,0,0,0,0,0,0,0,0,0,1,0,0,0,0,1,0,0,0,2015,43.5,21.2,55.9,37.9,0.69047619047619
"1007",0,0,0,0,0,0,0,0,0,0,1,0,0,1,0,0,0,0,0,2015,42.9,23.8,53.1,35.1,0.835839598997494
"1008",0,0,0,0,0,0,0,0,0,0,1,0,0,0,0,0,0,1,0,2015,56.2,34.1,70,35.1,0.894736842105263
"1009",0,0,0,0,0,0,0,0,0,0,1,0,0,0,0,0,0,0,1,2015,65,42.1,75.9,48,0.902255639097744
"1010",0,0,0,0,0,0,0,0,0,0,1,0,0,0,0,0,1,0,0,2015,65.4,47.1,75.9,57,0.834586466165414
"1011",0,0,0,0,0,0,0,0,0,0,1,0,1,0,0,0,0,0,0,2015,58.8,37.5,75,51.1,0.929824561403509
"1012",0,0,0,0,0,0,0,0,0,0,1,0,0,0,1,0,0,0,0,2015,48.4,34.2,64.9,39.9,0.650375939849624
"1013",0,0,0,0,0,0,0,0,0,0,1,0,0,0,0,1,0,0,0,2015,59.1,47.6,68,55,0.654135338345865
"1014",0,0,0,0,0,0,0,0,0,0,1,0,0,1,0,0,0,0,0,2015,51.8,33.6,57.9,46,0.87468671679198
"1015",0,0,0,0,0,0,0,0,0,0,1,0,0,0,0,0,0,1,0,2015,51.9,35.6,59,45,0.790726817042607
"1016",0,0,0,0,0,0,0,0,0,0,1,0,0,0,0,0,0,0,1,2015,58,50.5,66.9,45,0.863408521303258
"1017",0,0,0,0,0,0,0,0,0,0,1,0,0,0,0,0,1,0,0,2015,67.2,55.2,73,53.1,0.961152882205514
"1018",0,0,0,0,0,0,0,0,0,0,1,0,1,0,0,0,0,0,0,2015,55.8,31.8,73,50,0.862155388471178
"1019",0,0,0,0,0,0,0,0,0,0,1,0,0,0,1,0,0,0,0,2015,49.1,31.5,61,42.1,0.447368421052632
"1020",0,0,0,0,0,0,0,0,0,1,0,0,0,1,0,0,0,0,0,2015,59.4,44.7,64.9,54,0.768170426065163
"1021",0,0,0,0,0,0,0,0,0,1,0,0,0,0,0,0,0,1,0,2015,60.6,42.6,72,48,0.820802005012531
"1022",0,0,0,0,0,0,0,0,0,1,0,0,0,0,0,0,0,0,1,2015,62.9,45.9,72,48,0.842105263157895
"1023",0,0,0,0,0,0,0,0,0,1,0,0,0,0,0,0,1,0,0,2015,62.8,57.5,71.1,55.9,0.864661654135338
"1024",0,0,0,0,0,0,0,0,0,1,0,0,1,0,0,0,0,0,0,2015,69.4,62.3,73,55.9,0.771929824561403
"1025",0,0,0,0,0,0,0,0,0,1,0,0,0,0,1,0,0,0,0,2015,64.9,47.9,73.9,57,0.6265664160401
"1026",0,0,0,0,0,0,0,0,0,1,0,0,0,0,0,1,0,0,0,2015,51.9,31.1,55.9,46,0.591478696741855
"1027",0,0,0,0,0,0,0,0,0,1,0,0,0,1,0,0,0,0,0,2015,51.1,31.4,59,43,0.770676691729323
"1028",0,0,0,0,0,0,0,0,0,1,0,0,0,0,0,0,0,1,0,2015,55,47.2,59,43,0.948621553884712
"1029",0,0,0,0,0,0,0,0,0,1,0,0,0,0,0,0,0,0,1,2015,52.7,47.6,57.9,48.9,0.664160401002506
"1030",0,0,0,0,0,0,0,0,0,1,0,0,0,0,0,0,1,0,0,2015,55.4,49.3,61,48.9,0.798245614035088
"1031",0,0,0,0,0,0,0,0,0,1,0,0,1,0,0,0,0,0,0,2015,55.4,34.7,61,50,0.848370927318296
"1032",0,0,0,0,0,0,0,0,0,1,0,0,0,0,1,0,0,0,0,2015,46.4,23.3,57.9,43,0.768170426065163
"1033",0,0,0,0,0,0,0,0,0,1,0,0,0,0,0,1,0,0,0,2015,46.5,27,57.9,39,0.6265664160401
"1034",0,0,0,0,0,0,0,0,0,1,0,0,0,1,0,0,0,0,0,2015,58.1,33.2,66.9,51.1,0.774436090225564
"1035",0,0,0,0,0,0,0,0,0,1,0,0,0,0,0,0,0,1,0,2015,47.5,29,66.9,39.9,0.857142857142857
"1036",0,0,0,0,0,0,0,0,0,1,0,0,0,0,0,0,0,0,1,2015,50.9,38.1,57.9,39.9,0.786967418546366
"1037",0,0,0,0,0,0,0,0,0,1,0,0,0,0,0,0,1,0,0,2015,59.5,53.3,63,46,0.99874686716792
"1038",0,0,0,0,0,0,0,0,0,1,0,0,0,0,1,0,0,0,0,2015,46.4,26.3,64,42.1,0.74812030075188
"1039",0,0,0,0,0,0,0,0,0,1,0,0,0,0,0,1,0,0,0,2015,51.2,35.6,55,48,0.540100250626566
"1040",0,0,0,0,0,0,0,0,0,1,0,0,0,1,0,0,0,0,0,2015,39.8,16.7,55,34,0.882205513784461
"1041",0,0,0,0,0,0,0,0,0,1,0,0,0,0,0,0,0,1,0,2015,38.2,18,46,32,0.918546365914787
"1042",0,0,0,0,0,0,0,0,0,1,0,0,0,0,0,0,0,0,1,2015,42.5,24.9,50,32,0.898496240601504
"1043",0,0,0,0,0,0,0,0,0,1,0,0,0,0,0,0,1,0,0,2015,49,38,60.1,36,0.479949874686717
"1044",0,0,0,0,0,0,0,0,0,1,0,0,1,0,0,0,0,0,0,2015,57.1,47.5,64,41,0.601503759398496
"1045",0,0,0,0,0,0,0,0,0,1,0,0,0,0,1,0,0,0,0,2015,56.3,47.2,62.6,46.4,0.636591478696742
"1046",0,0,0,0,0,0,0,0,0,1,0,0,0,0,0,1,0,0,0,2015,41.5,31.4,46.4,37.4,0.567669172932331
"1047",0,0,0,0,0,0,0,0,0,1,0,0,0,1,0,0,0,0,0,2015,39.4,27.8,44.6,33.8,0.765664160401002
"1048",0,0,1,0,0,0,0,0,0,0,0,0,0,0,0,0,0,1,0,2015,46.5,41.1,64,42.1,0.93483709273183
"1049",0,0,1,0,0,0,0,0,0,0,0,0,0,0,0,0,0,0,1,2015,49.3,46.3,55.9,44.1,0.820802005012531
"1050",0,0,1,0,0,0,0,0,0,0,0,0,0,0,0,0,1,0,0,2015,50.9,38.2,57,46,0.780701754385965
"1051",0,0,1,0,0,0,0,0,0,0,0,0,1,0,0,0,0,0,0,2015,46.4,29.4,55,42.1,0.852130325814536
"1052",0,0,1,0,0,0,0,0,0,0,0,0,0,0,1,0,0,0,0,2015,45.7,29.7,51.1,39.9,0.788220551378446
"1053",0,0,1,0,0,0,0,0,0,0,0,0,0,0,0,1,0,0,0,2015,46.5,31.9,53.1,39,0.607769423558897
"1054",0,0,1,0,0,0,0,0,0,0,0,0,0,1,0,0,0,0,0,2015,48,31.1,54,39,0.837092731829574
"1055",0,0,1,0,0,0,0,0,0,0,0,0,0,0,0,0,0,1,0,2015,44.6,30.3,54,41,0.774436090225564
"1056",0,0,1,0,0,0,0,0,0,0,0,0,0,0,0,0,0,0,1,2015,45.8,34.4,53.1,39.9,0.720551378446115
"1057",0,0,1,0,0,0,0,0,0,0,0,0,0,0,0,0,1,0,0,2015,54.9,43.5,60.1,39.9,0.837092731829574
"1058",0,0,1,0,0,0,0,0,0,0,0,0,1,0,0,0,0,0,0,2015,55.2,43.9,61,50,0.869674185463659
"1059",0,0,1,0,0,0,0,0,0,0,0,0,0,0,1,0,0,0,0,2015,59.6,45.6,66,50,0.724310776942356
"1060",0,0,1,0,0,0,0,0,0,0,0,0,0,0,0,1,0,0,0,2015,61.8,48.3,66.9,55,0.68796992481203
"1061",0,0,1,0,0,0,0,0,0,0,0,0,0,1,0,0,0,0,0,2015,56.8,49.5,66.9,53.1,0.798245614035088
"1062",0,0,1,0,0,0,0,0,0,0,0,0,0,0,0,0,0,1,0,2015,61.8,45.6,68,53.1,0.946115288220551
"1063",0,0,1,0,0,0,0,0,0,0,0,0,0,0,0,0,0,0,1,2015,50.6,33.7,68,46,0.843358395989975
"1064",0,0,1,0,0,0,0,0,0,0,0,0,0,0,0,0,1,0,0,2015,54.7,48.7,59,46,0.933583959899749
"1065",0,0,1,0,0,0,0,0,0,0,0,0,1,0,0,0,0,0,0,2015,51.9,41.2,59,43,0.961152882205514
"1066",0,0,1,0,0,0,0,0,0,0,0,0,0,0,1,0,0,0,0,2015,38.2,16.7,57,35.1,0.781954887218045
"1067",0,0,1,0,0,0,0,0,0,0,0,0,0,0,0,1,0,0,0,2015,38.6,16.5,43,34,0.6265664160401
"1068",0,0,1,0,0,0,0,0,0,0,0,0,0,1,0,0,0,0,0,2015,45,27.3,54,39,0.766917293233083
"1069",0,0,1,0,0,0,0,0,0,0,0,0,0,0,0,0,0,1,0,2015,57.2,49.2,62.6,55,0.87593984962406
"1070",0,0,1,0,0,0,0,0,0,0,0,0,0,0,0,0,1,0,0,2015,66.4,60.6,71.1,52,0.755639097744361
"1071",0,0,1,0,0,0,0,0,0,0,0,0,0,0,1,0,0,0,0,2015,54.5,38.9,61,50,0.494987468671679
"1072",0,0,1,0,0,0,0,0,0,0,0,0,0,0,0,1,0,0,0,2015,52,47.1,61,46,0.649122807017544
"1073",0,0,1,0,0,0,0,0,0,0,0,0,0,1,0,0,0,0,0,2015,43.6,28.6,61,37.9,0.614035087719298
"1074",0,0,1,0,0,0,0,0,0,0,0,0,0,0,0,0,0,1,0,2015,39.3,34.5,46,33.8,0.667919799498747
"1075",0,0,1,0,0,0,0,0,0,0,0,0,0,0,0,0,0,0,1,2015,41.3,37.2,46,34,0.62781954887218
"1076",0,0,1,0,0,0,0,0,0,0,0,0,0,0,0,0,1,0,0,2015,46.5,42.7,48,45,0.660401002506266
